Location,Source,WMO,Lat,Lon,Altitude
ABU DHABI,IWEC Data,412170,24.43,54.65,27
BUENOS AIRES,IWEC Data,875760,-34.82,-58.53,20
CANBERRA,IWEC Data,949260,-35.3,149.18,577
Canberra Airport,RMY,949260,-35.3,149.2,580
Cobar,RMY,947110,-31.48,145.83,264
Coffs Harbour,RMY,947910,-30.32,153.12,6
Dubbo Airport,RMY,957190,-32.22,148.57,285
Moree Aero,RMY,955270,-29.48,149.83,218
Nowra RAN Air Station,RMY,947500,-34.95,150.53,105
Richmond RAAF,RMY,957530,-33.6,150.78,20
SYDNEY,IWEC Data,947670,-33.95,151.18,3
Sydney,RMY,947680,-33.85,151.2,40
Wagga Wagga,RMY,949100,-35.17,147.45,213
Williamtown RAAF,RMY,947760,-32.8,151.83,8
Alice Springs Airport,RMY,943260,-23.8,133.88,547
DARWIN,IWEC Data,941200,-12.4,130.87,30
Darwin Airport,RMY,941200,-12.42,130.88,35
Tennant Creek,RMY,942380,-19.63,134.18,377
Amberly,RMY,945680,-27.63,152.72,31
BRISBANE,IWEC Data,945780,-27.38,153.1,5
Charleville Aero,RMY,945100,-26.42,146.27,303
Gladstone Airport,RMY,943810,-23.87,151.22,17
Longreach Aero,RMY,943460,-23.43,144.28,192
Mackay,RMY,943670,-21.12,149.22,36
Mount Isa Aero,RMY,943320,-20.68,139.48,341
Oakey Aero,RMY,945520,-27.42,151.73,407
Rockhampton Aero,RMY,943740,-23.38,150.48,14
Townsville Aero,RMY,942940,-19.25,146.77,9
Weipa Aero,RMY,941700,-12.68,141.92,19
Willis Island,RMY,942990,-16.3,149.97,9
ADELAIDE,IWEC Data,946720,-34.93,138.52,4
Ceduna,RMY,946530,-32.13,133.7,16
Mount Gambier Aero,RMY,948210,-37.73,140.78,69
Woomera Aerodrome,RMY,946590,-31.15,136.82,168
Launceston Airport,RMY,949680,-41.53,147.2,178
Ballarat Aerodrome,RMY,948520,-37.52,143.78,436
Cape Otway Lighthouse,RMY,948420,-38.85,143.52,83
East Sale Airport,RMY,949070,-38.1,147.13,8
MELBOURNE,IWEC Data,948660,-37.67,144.83,141
Melbourne,RMY,948680,-37.82,144.97,32
Mildura Airport,RMY,946930,-34.23,142.08,53
Moorabbin Airport,RMY,948700,-37.98,145.1,13
Albany Airport,RMY,948020,-34.93,117.8,69
Broome Airport,RMY,942030,-17.95,122.23,9
Carnarvon Airport,RMY,943000,-24.88,113.67,8
Esperance,RMY,946380,-33.83,121.88,27
Forrest,RMY,956460,-30.83,128.12,160
Geraldton Airport,RMY,944030,-28.8,114.7,35
Halls Creek Airport,RMY,942120,-18.23,127.67,424
LEARMONTH,IWEC Data,943020,-22.23,114.08,6
Learmonth Airport,RMY,943020,-22.23,114.08,5
Mandurah,RMY,946050,-32.52,115.72,4
Meekatharra Airport,RMY,944300,-26.62,118.55,519
PERTH,IWEC Data,946100,-31.93,115.95,29
Perth Airport,RMY,946100,-31.93,115.97,20
PORT HEDLAND,IWEC Data,943120,-20.23,119.1,8
Port Hedland Airport,RMY,943120,-20.37,118.63,9
Swanbourne,RMY,946140,-31.95,115.77,20
Wyndham,RMY,942140,-15.48,128.12,16
GRAZ,IWEC Data,112400,47,15.43,347
INNSBRUCK,IWEC Data,111200,47.27,11.35,593
LINZ,IWEC Data,110100,48.23,14.2,313
SALZBURG,IWEC Data,111500,47.8,13,450
VIENNA_ SCHWECHAT,IWEC Data,110360,48.12,16.57,190
BRUSSELS,IWEC Data,64510,50.9,4.53,58
OOSTENDE,IWEC Data,64070,51.2,2.87,5
SAINT HUBERT,IWEC Data,64760,50.03,5.4,557
PLOVDIV,IWEC Data,156250,42.13,24.75,185
SOFIA,IWEC Data,156140,42.73,23.38,595
VARNA,IWEC Data,155520,43.2,27.92,43
BANJA LUKA,IWEC Data,132420,44.78,17.22,156
MINSK,IWEC Data,268500,53.87,27.53,234
BELIZE_INTL_AIRPORT,SWERA,785830,17.53,-88.3,5
LA PAZ,IWEC Data,852010,-16.52,-68.18,4042
BELEM,IWEC Data,821930,-1.38,-48.48,16
BOA_VISTA_(CIV/MIL),SWERA,820220,2.83,-60.7,140
BRASILIA,IWEC Data,833780,-15.87,-47.93,1061
BRASILIA_(CIV/MIL),SWERA,833780,-15.87,-47.93,1061
CAMPO_GRANDE_INTL,SWERA,836120,-20.47,-54.67,556
FLORIANOPOLIS_ARPT,SWERA,838990,-27.67,-48.55,5
MANAUS,SWERA,821110,-3.13,-60.02,72
PORTO_VELHO(CV/MIL),SWERA,828240,-8.77,-63.92,88
RECIFE,IWEC Data,828990,-8.1,-34.88,19
SALVADOR,SWERA,832480,-13.02,-38.52,51
SAO PAULO,IWEC Data,837800,-23.62,-46.65,803
BANDAR SERI BEGAWAN,IWEC Data,963150,4.93,114.93,15
Calgary Int'l,WYEC2-B-25110,718770,51.12,-114.02,1084
Edmonton Stony Plain,WYEC2-B-25145,711230,53.53,-114.1,723
Fort McMurray,WYEC2-B-25105,719320,56.65,-111.22,369
Grand Prairie,WYEC2-e-94803,719400,55.18,-118.88,669
Lethbridge,WYEC2-e-71243,712430,49.63,-112.8,921
Medicine Hat,WYEC2-B-25118,718720,50.02,-110.72,716
Abbotsford,WYEC2-B-24288,711080,49.03,-122.37,58
Comox,WYEC2-B-24292,718930,49.72,-124.9,24
Cranbrook,WYEC2-e-94157,718800,49.6,-115.78,940
Fort St John,WYEC2-B-25231,719430,56.23,-120.73,695
Kamloops,WYEC2-B-25220,718870,50.7,-120.45,346
Port Hardy,WYEC2-B-25223,711090,50.68,-127.37,22
Prince George,WYEC2-B-25206,718960,53.88,-122.68,691
Prince Rupert,WYEC2-B-25353,718980,54.3,-130.43,34
Sandspit,WYEC2-B-25346,711010,53.25,-131.82,6
Smithers,WYEC2-B-25225,719500,54.82,-127.18,523
Summerland,WYEC2-B-94152,717680,49.57,-119.65,479
Vancouver Int'l,WYEC2-B-94238,718920,49.18,-123.17,2
Victoria Int'l,WYEC2-B-24297,717990,48.65,-123.43,19
Brandon,WYEC2-e-14997,711400,49.92,-99.95,409
Churchill,WYEC2-B-15901,719130,58.75,-94.07,29
The Pas,WYEC2-B-25004,718670,53.97,-101.1,271
Winnipeg Int'l,WYEC2-B-14996,718520,49.9,-97.23,239
Fredericton,WYEC2-B-14670,717000,45.87,-66.53,20
Miramichi,WYEC2-e-71744,717440,47.02,-65.45,33
Saint John,WYEC2-B-14643,716090,45.32,-65.88,109
Gander Int'l,WYEC2-B-14509,718030,48.95,-54.57,151
Goose,WYEC2-B-15601,718160,53.32,-60.37,49
St John's,WYEC2-B-14521,718010,47.62,-52.73,140
Stephenville,WYEC2-B-14503,718150,48.53,-58.55,26
Greenwood,WYEC2-B-14636,713970,44.98,-64.92,28
Sable Island,WYEC2-B-14642,716000,43.93,-60.02,4
Shearwater,WYEC2-B-14633,716010,44.63,-63.5,51
Sydney,WYEC2-B-14646,717070,46.17,-60.05,62
Inuvik Ua,WYEC2-B-22258,719570,68.3,-133.48,68
Yellowknife,WYEC2-B-26110,719360,62.47,-114.45,206
Resolute,WYEC2-B-17901,719240,74.72,-94.98,67
London,WYEC2-B-94805,716230,43.03,-81.15,278
Mount Forest,WYEC2-B-94857,716310,43.98,-80.75,415
North Bay,WYEC2-B-04705,717310,46.35,-79.43,371
Ottawa Int'l,WYEC2-B-04772,716280,45.32,-75.67,114
Sault Ste Marie,WYEC2-B-94842,712600,46.48,-84.52,192
Thunder Bay,WYEC2-B-94804,717490,48.37,-89.32,199
Timmins,WYEC2-e-94831,717390,48.57,-81.37,295
Toronto Int'l,WYEC2-B-04714,716240,43.67,-79.63,173
Trenton,WYEC2-B-04715,716210,44.12,-77.53,86
Windsor,WYEC2-B-94810,715380,42.27,-82.97,190
Charlottetown CDA,WYEC2-B-14688,717060,46.28,-63.13,54
Bagotville,WYEC2-B-94795,717270,48.33,-71,159
Baie Comeau,WYEC2-B-14627,711870,49.13,-68.2,22
Kuujjuarapik,WYEC2-B-15701,719050,55.28,-77.77,12
Kuujuaq,WYEC2-B-15605,719060,58.1,-68.42,37
La Grande Riviere,WYEC2-B-73715,718270,53.63,-77.7,195
Lake Eon,WYEC2-B-CAN07,714210,51.87,-63.28,561
Mont Joli,WYEC2-B-14639,717180,48.6,-68.22,52
Montreal Int'l,WYEC2-B-94792,716270,45.47,-73.75,36
Quebec City,WYEC2-B-04708,717080,46.8,-71.38,73
Riviere Du Loup,WYEC2-B-CAN12,717150,47.8,-69.55,148
Roberval,WYEC2-B-04752,717280,48.52,-72.27,179
Schefferville,WYEC2-B-15619,718280,54.8,-66.82,521
Sherbrooke,WYEC2-B-04785,716100,45.43,-71.68,241
St Hubert,WYEC2-B-04712,713710,45.52,-73.42,27
Ste Agathe Des Monts,WYEC2-B-04790,717200,46.05,-74.28,395
Val d'Or,WYEC2-B-04730,717250,48.07,-77.78,337
Estevan,WYEC2-B-24092,718620,49.22,-102.97,581
North Battleford,WYEC2-B-25012,718760,52.77,-108.25,548
Regina,WYEC2-B-25005,718630,50.43,-104.67,577
Saskatoon,WYEC2-B-25015,718660,52.17,-106.68,504
Swift Current,WYEC2-B-25028,714460,50.28,-107.68,818
Whitehorse,WYEC2-B-26316,719640,60.72,-135.07,703
GENEVA,IWEC Data,67000,46.25,6.13,416
ANTOFAGASTA,IWEC Data,854420,-23.43,-70.43,120
CONCEPCION,IWEC Data,856820,-36.77,-73.05,16
PUNTA ARENAS,IWEC Data,859340,-53,-70.85,37
SANTIAGO,IWEC Data,855740,-33.38,-70.78,476
Anqing,CSWD,584240,30.53,117.05,19.8
Bengbu,CSWD,582210,32.95,117.38,18.7
Boxian,CSWD,581020,33.87,115.77,37.7
Hefei,CSWD,583210,31.87,117.23,26.8
HEFEI/LUOGANG,SWERA,583210,31.87,117.23,36
Huoshan,CSWD,583140,31.4,116.32,68.1
Beijing,CSWD,545110,39.8,116.47,31.3
BEIJING,IWEC Data,545110,39.8,116.47,32
BEIJING/PEKING,SWERA,545110,39.93,116.28,55
Chongqing Shapingba,CSWD,575160,29.58,106.47,259.1
CHONGQING/CHUNGKING,SWERA,575160,29.52,106.48,351
Youyang,CSWD,576330,28.83,108.77,664.1
Fuzhou,CSWD,588470,26.08,119.28,4
Nanping,CSWD,588340,26.65,118.17,125.1
Xiamen,CSWD,591340,24.48,118.07,139.4
Yongan,CSWD,589210,25.97,117.35,206
Dunhuang,CSWD,524180,40.15,94.68,1139
Hezuo,CSWD,560800,35,102.9,2910
Jiuquan,CSWD,525330,39.77,98.48,1477.2
Lanzhou,CSWD,528890,36.05,103.88,1517.2
LANZHOU,IWEC Data,528890,36.05,103.88,1518
LANZHOU,SWERA,528890,36.05,103.88,1518
Minqin,CSWD,526810,38.63,103.08,1367.5
MINQIN,SWERA,526810,38.77,103.1,1367
Pingliang,CSWD,539150,35.55,106.67,1346.6
Tianshui,CSWD,570060,34.58,105.75,1141.7
Wudu,CSWD,560960,33.4,104.92,1079.1
WUDU,SWERA,560960,33.4,104.92,1079
Wushaoling,CSWD,527870,37.2,102.87,3045.1
Xifengzhen,CSWD,539230,35.73,107.63,1421
Yumenzhen,CSWD,524360,40.27,97.03,1526
YUMENZHEN,SWERA,524360,40.27,97.03,1527
Guangzhou,CSWD,592870,23.17,113.33,41
GUANGZHOU,IWEC Data,592870,23.13,113.32,8
Heyuan,CSWD,592930,23.73,114.68,40.6
Shantou,CSWD,593160,23.4,116.68,2.9
Shanwei,CSWD,595010,22.8,115.37,17.3
Shaoguan,CSWD,590820,24.68,113.6,61
SHENZHEN,SWERA,594930,22.55,114.1,18
Yangjiang,CSWD,596630,21.87,111.97,23.3
Baise,CSWD,592110,23.9,106.6,173.5
Guilin,CSWD,579570,25.32,110.3,164.4
Guiping,CSWD,592540,23.4,110.08,42.5
Hechi,CSWD,590230,24.7,108.05,211
Longzhou,CSWD,594170,22.33,106.85,128.8
Nanning,CSWD,594310,22.63,108.22,121.6
Qinzhou,CSWD,596320,21.95,108.62,4.5
Wuzhou,CSWD,592650,23.48,111.3,114.8
Bijie,CSWD,577070,27.3,105.28,1510.6
Guiyang,CSWD,578160,26.58,106.73,1223.8
GUIYANG,SWERA,578160,26.58,106.72,1074
Sansui,CSWD,578320,26.97,108.67,626.9
Weining,CSWD,566910,26.87,104.28,2237.5
Xingyi,CSWD,579020,25.43,105.18,1378.5
Zunyi,CSWD,577130,27.7,106.88,843.9
Dongfang,CSWD,598380,19.1,108.62,8.4
Haikou,CSWD,597580,20.03,110.35,13.9
Qionghai,CSWD,598550,19.23,110.47,24
Chengde,CSWD,544230,40.98,117.95,385.9
Fengning,CSWD,543080,41.22,116.63,661.2
Huailai,CSWD,544050,40.4,115.5,536
Leting,CSWD,545390,39.43,118.88,10
Shijiazhuang,CSWD,536980,38.03,114.42,81
Xingtai,CSWD,537980,37.07,114.5,77.3
Anda,CSWD,508540,46.38,125.32,149.3
Fujin,CSWD,507880,47.23,131.98,66.4
Hailun,CSWD,507560,47.43,126.97,239.2
Harbin,CSWD,509530,45.75,126.77,142.3
HARBIN,IWEC Data,509530,45.72,126.68,143
HARBIN,SWERA,509530,45.75,126.77,143
Huma,CSWD,503530,51.72,126.65,177.4
Jixi,CSWD,509780,45.28,130.95,238.3
Keshan,CSWD,506580,48.05,125.88,234.6
Mohe,CSWD,501360,52.97,122.52,433
Mudanjiang,CSWD,540940,44.57,129.6,241.4
Nenjiang,CSWD,505570,49.17,125.23,242.2
Qiqihar,CSWD,507450,47.38,123.92,147.1
Shangzhi,CSWD,509680,45.22,127.97,189.7
Suifenhe,CSWD,540960,44.38,131.17,567.8
Sunwu,CSWD,505640,49.43,127.35,234.5
Tonghe,CSWD,509630,45.97,128.73,108.6
Anyang,CSWD,538980,36.05,114.4,62.9
Lushi,CSWD,570670,34.05,111.03,568.8
Nanyang,CSWD,571780,33.03,112.58,129.2
Xinyang,CSWD,572970,32.13,114.05,114.5
Zhengzhou,CSWD,570830,34.72,113.65,110.4
Zhumadian,CSWD,572900,33,114.02,82.7
HONG KONG,CityUHK-45007,450070,22.32,114.17,65
Exi,CSWD,574470,30.28,109.47,457.1
Laohekou,CSWD,572650,32.38,111.67,90
Macheng,CSWD,573990,31.18,115.02,59.3
Wuhan,CSWD,574940,30.62,114.13,23.1
WUHAN/NANHU,SWERA,574940,30.62,114.13,23
Yichang,CSWD,574610,30.7,111.3,133.1
Zhongxiang,CSWD,573780,31.17,112.57,65.8
Changde,CSWD,576620,29.05,111.68,35
Changsha,CSWD,576870,28.22,112.92,68
CHANGSHA,SWERA,576870,28.23,112.87,68
Lingling,CSWD,578660,26.23,111.62,172.6
Wugang,CSWD,578530,26.73,110.63,341
Zhijiang,CSWD,577450,27.45,109.68,272.2
Dongtai,CSWD,582510,32.87,120.32,4.3
Ganyu,CSWD,580400,34.83,119.12,3.3
Lusi,CSWD,582650,32.07,121.6,5.5
Nanjing,CSWD,582380,32.83,118.8,7.1
Xuzhou,CSWD,580270,34.28,117.15,41.2
Ganzhou,CSWD,579930,25.87,115,137.5
Jian,CSWD,577990,27.05,114.92,71.2
Jingdezhen,CSWD,585270,29.3,117.2,61.5
Nanchang,CSWD,586060,28.6,115.92,46.9
Nancheng,CSWD,587150,27.58,116.65,80.8
NANCHENG,SWERA,587150,27.58,116.65,82
NANJING/NANKING,SWERA,582380,32,118.8,12
Yichun,CSWD,577930,27.8,114.38,131.3
Changchun,CSWD,541610,43.9,125.22,236.8
Dunhua,CSWD,541860,43.37,128.2,524.9
Linjiang,CSWD,543740,41,126.92,332.7
Qian Gorlos,CSWD,509490,45.08,124.87,136.2
Siping,CSWD,541570,43.17,124.33,165.7
Yanji,CSWD,542920,42.88,129.47,176.8
KASHI,SWERA,517090,39.47,75.98,1291
KUQA,SWERA,516440,41.72,82.95,1100
YINING,SWERA,514310,43.95,81.33,663
HOTAN,SWERA,518280,37.13,79.93,1375
Benxi,CSWD,543460,41.32,123.78,185.4
Chaoyang,CSWD,543240,41.55,120.45,169.9
Dalian,CSWD,546620,38.9,121.63,91.5
DALIAN/DAIREN/LUDA,SWERA,546620,38.9,121.63,97
Dandong,CSWD,544970,40.05,124.33,13.8
Jinzhou,CSWD,543370,41.68,121.12,65.9
Kuandian,CSWD,544930,40.72,124.78,260.1
Shenyang,CSWD,543420,41.73,123.45,44.7
SHENYANG,IWEC Data,543420,41.78,123.48,43
Yingkou,CSWD,544710,40.67,122.27,3.3
Zhangwu,CSWD,542360,42.42,122.53,79.4
Abag Qi Hot,CSWD,531920,44.02,114.95,1126.1
Arxan,CSWD,507270,47.17,119.93,997.2
Bailingmiao,CSWD,533520,41.7,110.43,1376.6
BAILING-MIAO,SWERA,533520,41.7,110.43,1377
Bairin Zuo Qi,CSWD,540270,43.98,119.4,486.2
Bayan Mod,CSWD,524950,40.17,104.8,1323
Bugt,CSWD,506320,48.77,121.92,739.7
BUGT,SWERA,506320,48.77,121.92,739
Chifeng,CSWD,542180,42.27,118.93,568
Dong Ujimqin Qi,CSWD,509150,45.52,116.97,838.9
Dongsheng,CSWD,535430,39.83,109.98,1461.9
Duolun,CSWD,542080,42.18,116.47,1245.4
Ejin Qi,CSWD,522670,41.95,101.07,940.5
EJIN_QI,SWERA,522670,41.95,101.07,941
Erenhot,CSWD,530680,43.65,111.97,964.7
Hailar,CSWD,505270,49.22,119.75,610.2
Hailisu,CSWD,532310,41.4,106.4,1509.6
Haliut,CSWD,533360,41.57,108.52,1288
Hohhot,CSWD,534630,40.82,111.68,1063
Huade,CSWD,533910,41.9,114,1482.7
HUADE,SWERA,533910,41.9,114,1484
Jartai,CSWD,535020,39.78,105.75,1031.8
JARTAI,SWERA,535020,39.78,105.75,1033
Jarud Qi,CSWD,540260,44.57,120.9,265
Jurh,CSWD,532760,42.4,112.9,1150.8
Linxi,CSWD,541150,43.6,118.07,799.5
LINXI,SWERA,541150,43.6,118.07,800
Otog Qi,CSWD,535290,39.1,107.98,1380.3
Tongliao,CSWD,541350,43.6,122.27,178.7
TONGLIAO,SWERA,541350,43.6,122.27,180
Tulihe,CSWD,504340,50.48,121.68,732.6
Xi Ujimqin Qi,CSWD,540120,44.58,117.6,995.9
Xilinhot,CSWD,541020,43.95,116.12,1003
Yanchi,CSWD,537230,37.8,107.38,1349.3
Yinchuan,CSWD,536140,38.48,106.22,1111.4
Daqaidam,CSWD,527130,37.85,95.37,3173.2
Darlag,CSWD,560460,33.75,99.65,3967.5
Dulan Us,CSWD,528360,36.3,98.1,3191.1
Gangca,CSWD,527540,37.33,100.13,3301.5
Golmud,CSWD,528180,36.42,94.9,2807.6
DELINGHA,SWERA,527370,37.37,97.37,2982
Lenghu,CSWD,526020,38.75,93.33,2770
Madoi,CSWD,560330,34.92,98.22,4272.3
MADOI/HUANGHEYAN,SWERA,560330,34.92,98.22,4273
MANGNAI,SWERA,518860,38.25,90.85,2945
Qumarleb,CSWD,560210,34.13,95.78,4175
Tuotuohe,CSWD,560040,34.22,92.43,4533.1
TUOTUOHE/TANGGULASH,SWERA,560040,34.22,92.43,4535
Xining,CSWD,528660,36.72,101.75,2295.2
Yushu,CSWD,560290,33.02,97.02,3681.2
ANKANG/XING'AN,SWERA,572450,32.72,109.03,291
Ankangan,CSWD,572450,32.72,109.03,290.8
BAOJI,SWERA,570160,34.35,107.13,610
Hanzhong,CSWD,571270,33.07,107.03,509.5
Xian,CSWD,570360,34.3,108.93,397.5
Yanan,CSWD,538450,36.6,109.5,958.5
Yulin,CSWD,536460,38.23,109.7,1057.5
YULIN,SWERA,536460,38.23,109.7,1058
Chaoyang,CSWD,548080,36.23,115.67,37.8
Chengshantou,CSWD,547760,37.4,122.68,47.7
Huimin Xian,CSWD,547250,37.48,117.53,11.7
Jinan,CSWD,548230,36.6,117.05,170.3
Longkou,CSWD,547530,37.62,120.32,4.8
Weifang,CSWD,548430,36.75,119.18,22.2
Yanzhou,CSWD,549160,35.57,116.85,51.7
Shanghai,CSWD,583620,31.4,121.45,5.5
SHANGHAI/HONGQIAO,SWERA,583620,31.17,121.43,7
SHANGHAI,IWEC Data,583670,31.17,121.43,7
Datong,CSWD,534870,40.1,113.33,1067.2
Jiexiu,CSWD,538630,37.03,111.92,743.9
Taiyuan,CSWD,537720,37.78,112.55,778.3
Yuanping,CSWD,536730,38.73,112.72,828.2
Yuncheng,CSWD,539590,35.05,111.05,365
Yushe,CSWD,537870,37.07,112.98,1041.4
Barkam,CSWD,561720,31.9,102.23,2664.4
BATANG,SWERA,562470,30,99.1,2589
Chengdu,CSWD,562940,30.67,104.02,506.1
CHENGDU,SWERA,562940,30.67,104.02,508
Garze,CSWD,561460,31.62,100,3393.5
Garze,SWERA,561460,31.62,100,3394
Huili,CSWD,566710,26.65,102.25,1787.3
HUILI,SWERA,566710,26.65,102.25,1788
Jiulong,CSWD,564620,29,101.5,2987.3
Litang,CSWD,562570,30,100.27,3948.9
Luzhou,CSWD,576020,28.88,105.43,334.8
Mianyang,CSWD,561960,31.45,104.73,522.7
Nanchong,CSWD,574110,30.78,106.1,309.7
Songpan,CSWD,561820,32.65,103.57,2850.7
Wanyuan,CSWD,572370,32.07,108.03,674
Xichang,CSWD,565710,27.9,102.27,1590.9
Yibin,CSWD,564920,28.8,104.6,340.8
Tianjin,CSWD,545270,39.08,117.07,2.5
Lhasa,CSWD,555910,29.67,91.13,3648.9
LHASA,SWERA,555910,29.67,91.13,3650
Nyingchi,CSWD,563120,29.67,94.33,2991.8
NYINGCHI,SWERA,563120,29.57,94.47,3001
PAGRI,SWERA,557730,27.73,89.08,4301
Qamdo,CSWD,561370,31.15,97.17,3306
URUMQI,IWEC Data,514630,43.83,87.53,786
Altay,CSWD,510760,47.73,88.08,735.3
ALTAY,SWERA,510760,47.73,88.08,737
Bachu,CSWD,517160,39.8,78.57,1116.5
Fuyun,CSWD,510870,46.98,89.52,807.5
Hami,CSWD,522030,42.82,93.52,737.2
Hoboksar,CSWD,511560,46.78,85.72,1291.6
Hotan,CSWD,518280,37.13,79.93,1375
Jinghe,CSWD,513340,44.62,82.9,320.1
Karamay,CSWD,512430,45.62,84.85,449.5
Kashi,CSWD,517090,39.47,75.98,1289.4
Kuqa,CSWD,516440,41.72,83.07,1081.9
Minfeng,CSWD,518390,37.07,82.72,1409.5
Ruoqiang,CSWD,517770,39.03,88.17,887.7
Shache,CSWD,518110,38.43,77.27,1231.2
Tacheng,CSWD,511330,46.73,83,534.9
Tikanlik,CSWD,517650,40.63,87.7,846
Turpan,CSWD,515730,42.93,89.2,34.5
TURPAN,SWERA,515730,42.93,89.2,37
Urumqi,CSWD,514630,43.78,87.65,935
Yining,CSWD,514310,43.95,81.33,662.5
Chuxiong,CSWD,567680,25.03,101.55,1824.1
Deqen,CSWD,564440,28.48,98.92,3319
Kunming,CSWD,567780,25.02,102.68,1892.4
KUNMING,IWEC Data,567780,25.02,102.68,1892
KUNMING/WUJIABA,SWERA,567780,25.02,102.68,1892
Lancang,CSWD,569540,22.57,99.93,1054.8
Lijiang,CSWD,566510,26.87,100.22,2392.4
Lincang,CSWD,569510,23.88,100.08,1502.4
Mengla,CSWD,569690,21.48,101.57,631.9
Mengzi,CSWD,569850,23.38,103.38,1300.7
Simao,CSWD,569640,22.78,100.97,1302.1
Tengchong,CSWD,567390,25.02,98.5,1654.6
Yuanjiang,CSWD,569660,23.6,101.98,400.9
Dinghai,CSWD,584770,30.03,122.1,35.7
Hangzhou,CSWD,584570,30.23,120.17,41.7
HANGZHOU/JIANQIAO,SWERA,584570,30.23,120.17,43
Quxian,CSWD,586330,29,118.9,82.4
Wenzhou,CSWD,586590,28.03,120.65,28.3
BOGOTA,IWEC Data,802220,4.7,-74.13,2548
GUANTANAMO_BAY_NAS,SWERA,783670,19.9,-75.22,17
Guantanamo Bay,TMY--11706,783670,19.9,-75.15,17
HAVANA,IWEC Data,782240,22.98,-82.4,59
Santiago de Cuba,SWERA,782640,19.97,-75.85,69
VARADERO,SWERA,782290,23.13,-81.28,3
LARNACA,IWEC Data,176090,34.88,33.63,2
Climate Zone 1,CTZRV2,725945,40.8,-124.2,13
Climate Zone 3,CTZRV2,724930,37.7,-122.2,2
Climate Zone 4,CTZRV2,724945,37.4,-122.4,30
Climate Zone 5,CTZRV2,723940,34.9,-120.4,72
Climate Zone 6,CTZRV2,722970,33.9,-118.5,30
Climate Zone 7,CTZRV2,722900,32.7,-117.2,4
Climate Zone 8,CTZRV2,690140,33.6,-117.7,117
Climate Zone 9,CTZRV2,722880,34.15,-118.15,263.3
Climate Zone 10,CTZRV2,722860,33.88,-117.27,469
Climate Zone 11,CTZRV2,725910,40.2,-122.2,104
Climate Zone 12,CTZRV2,724830,38.5,-121.5,5
Climate Zone 13,CTZRV2,723890,36.8,-119.7,100
Climate Zone 15,CTZRV2,747185,32.8,-115.6,-9
Climate Zone 16,CTZRV2,725957,41.3,-122.3,1080
OSTRAVA,IWEC Data,117820,49.72,18.18,256
PRAGUE,IWEC Data,115180,50.1,14.28,366
BERLIN,IWEC Data,103840,52.47,13.4,49
BREMEN,IWEC Data,102240,53.05,8.8,5
DUSSELDORF,IWEC Data,104000,51.28,6.78,44
FRANKFURT AM MAIN,IWEC Data,106370,50.05,8.6,113
HAMBURG,IWEC Data,101470,53.63,10,16
KOLN,IWEC Data,105130,50.87,7.17,99
MUNICH,IWEC Data,108660,48.13,11.7,529
STUTTGART,IWEC Data,107380,48.68,9.22,419
COPENHAGEN,IWEC Data,61800,55.63,12.67,5
ALGIERS,IWEC Data,603900,36.72,3.25,25
QUITO,IWEC Data,840710,-0.15,-78.48,2812
Al Minya,ETMY,623870,28.08,30.73,40
Alexandria,ETMY,623180,31.2,29.95,7
Aswan,ETMY,624140,23.97,32.78,194
ASWAN,IWEC Data,624140,23.97,32.78,194
Asyut,ETMY,623930,27.05,31.02,70
CAIRO,IWEC Data,623660,30.13,31.4,74
Cairo Intl Airport,ETMY,623660,30.13,31.4,74
El Arish,ETMY,623370,31.08,33.82,32
Hurghada,ETMY,624630,27.15,33.72,14
Ismailia,ETMY,624400,30.6,32.25,13
Kharga,ETMY,624350,25.45,30.53,73
Luxor,ETMY,624050,25.67,32.7,99
Albacete,SWEC,82800,38.95,-1.85,704
Alicante,SWEC,83600,38.37,-0.5,31
Almeria,SWEC,84870,36.85,-2.38,21
BARCELONA,IWEC Data,81810,41.28,2.07,6
Barcelona,SWEC,81810,41.28,2.07,6
Caceres,SWEC,82610,39.47,-6.33,405
Ciudad Real,SWEC,83480,38.99,-3.92,629
Gerona,SWEC,81840,41.9,2.77,129
Granada,SWEC,84190,37.18,-3.78,559
La Coruna,SWEC,80010,43.37,-8.42,67
Las Palmas,SWEC,600300,27.93,-15.38,25
Logrono,SWEC,80840,42.45,-2.33,363
MADRID,IWEC Data,82210,40.45,-3.55,582
Madrid,SWEC,82210,40.41,-3.68,582
Malaga,SWEC,84820,36.67,-4.49,7
Murcia,SWEC,84300,37.79,-0.8,62
Oviedo,SWEC,80150,43.34,-5.87,339
PALMA,IWEC Data,83060,39.55,2.73,8
Palma,SWEC,83060,39.55,2.73,8
Salamanca,SWEC,82020,40.95,-5.5,795
San Sebastian,SWEC,80270,43.3,-2.05,259
SANTANDER,IWEC Data,80230,43.47,-3.82,40
Santander,SWEC,80230,43.47,-3.82,65
SEVILLA,IWEC Data,83910,37.42,-5.9,31
Sevilla,SWEC,83910,37.42,-5.9,31
Tenerife,SWEC,600200,28.47,-16.25,46
Toledo,SWEC,83480,39.88,-4.05,629
VALENCIA,IWEC Data,82840,39.5,-0.47,62
Valencia,SWEC,82840,39.5,-0.47,62
Valladolid,SWEC,81410,41.65,-4.77,735
Vitoria,SWEC,80800,42.85,-2.64,82
Zaragoza,SWEC,81600,41.67,-1.02,158
HELSINKI,IWEC Data,29740,60.32,24.97,56
TAMPERE,IWEC Data,29440,61.42,23.58,112
NADI,IWEC Data,916800,-17.75,177.45,18
BORDEAUX,IWEC Data,75100,44.83,-0.7,61
BREST,IWEC Data,71100,48.45,-4.42,103
DIJON,IWEC Data,72800,47.27,5.08,227
LYON,IWEC Data,74810,45.73,5.08,240
MARSEILLE,IWEC Data,76500,43.45,5.23,36
MONTPELLIER,IWEC Data,76430,43.58,3.97,6
NANCY,IWEC Data,71800,48.68,6.22,217
NANTES,IWEC Data,72220,47.17,-1.6,27
NICE,IWEC Data,76900,43.65,7.2,10
PARIS_ ORLY,IWEC Data,71490,48.73,2.4,96
STRASBOURG,IWEC Data,71900,48.55,7.63,154
ABERDEEN/DYCE,IWEC Data,30910,57.2,-2.22,65
AUGHTON,IWEC Data,33220,53.55,-2.92,56
BELFAST,IWEC Data,39170,54.65,-6.22,81
BIRMINGHAM,IWEC Data,35340,52.45,-1.73,99
FINNINGLEY,IWEC Data,33600,53.48,-1,17
HEMSBY,IWEC Data,34960,52.68,1.68,14
JERSEY/CHANNEL ISLANDS,IWEC Data,38950,49.22,-2.2,84
LEUCHARS,IWEC Data,31710,56.38,-2.87,12
LONDON/GATWICK,IWEC Data,37760,51.15,-0.18,62
OBAN,IWEC Data,31140,56.42,-5.47,4
ANDRAVIDA,IWEC Data,166820,37.92,21.28,12
ATHENS,IWEC Data,167160,37.9,23.73,15
THESSALONIKI,IWEC Data,166220,40.52,22.97,4
Andersen Afb,TMY3,912180,13.57,144.92,162
GUAM,TMY2-41415,912180,13.55,144.83,110
DEBRECEN,IWEC Data,128820,47.48,21.63,112
SZOMBATHELY,IWEC Data,128120,47.27,16.63,221
Ahmedabad,ISHRAE,426470,23.07,72.63,55
AHMEDABAD,IWEC Data,426470,23.07,72.63,55
Akola,ISHRAE,429340,20.7,77.03,282
Aurangabad,ISHRAE,430140,19.88,75.33,581
Bangalore,ISHRAE,432950,12.97,77.58,921
Belgaum,ISHRAE,431980,15.52,74.32,753
Bhopal,ISHRAE,426670,23.28,77.35,523
Bhubneshwar,ISHRAE,429710,20.25,85.83,46
Bikaner,ISHRAE,421650,28,73.3,224
CALCUTTA,IWEC Data,428090,22.65,88.45,6
CHENNAI,IWEC Data,432790,13,80.18,16
Chitradurg,ISHRAE,432330,14.13,76.27,733
GOA/PANJIM,IWEC Data,431920,15.48,73.82,60
Guwahati,ISHRAE,424100,26.1,91.58,54
Gwalior,ISHRAE,423610,26.23,78.25,207
Hissar,ISHRAE,421310,29.17,75.73,221
Hyderabad,ISHRAE,431280,17.45,78.47,545
Indore,ISHRAE,427540,22.72,75.8,567
Jabalpur,ISHRAE,426750,23.2,79.95,393
Jagdelpur,ISHRAE,430410,19.08,82.03,553
Jaipur,ISHRAE,423480,26.82,75.8,390
Jodhpur,ISHRAE,423390,26.3,73.02,217
Kolkata,ISHRAE,428090,22.65,88.45,6
Kurnool,ISHRAE,432130,15.5,78.03,281
Lucknow,ISHRAE,423690,26.87,80.93,111
Mangalore,ISHRAE,432840,12.52,74.52,22
Mumbai,ISHRAE,430030,18.9,72.82,11
MUMBAI,IWEC Data,430030,19.12,72.85,14
Nagpur,ISHRAE,428670,21.1,79.05,310
NAGPUR,IWEC Data,428670,21.1,79.05,310
Nellore,ISHRAE,432450,14.45,79.98,20
New Delhi,ISHRAE,421820,28.58,77.2,216
NEW DELHI,IWEC Data,421820,28.58,77.2,216
Panjim,ISHRAE,431920,15.48,73.82,60
Patna,ISHRAE,424920,25.27,85.17,53
Pune,ISHRAE,430630,18.53,73.85,559
Rajkot,ISHRAE,427370,22.3,70.78,138
Ratnagiri,ISHRAE,431100,16.98,73.33,67
Sholapur,ISHRAE,431170,17.67,75.9,479
Surat,ISHRAE,428400,21.2,72.83,12
Tiruchirapalli,ISHRAE,433440,10.77,78.72,88
Trivandrum,ISHRAE,433710,8.48,76.95,64
TRIVANDRUM,IWEC Data,433710,8.48,76.95,64
Veraval,ISHRAE,429090,20.9,70.37,8
Visakhapatnam,ISHRAE,431500,17.72,83.23,3
BELMULLET,IWEC Data,39760,54.23,-10,10
BIRR,IWEC Data,39650,53.08,-7.88,72
CLONES,IWEC Data,39740,54.18,-7.23,89
DUBLIN,IWEC Data,39690,53.43,-6.25,85
KILKENNY,IWEC Data,39600,52.67,-7.27,64
MALIN,IWEC Data,39800,55.37,-7.33,25
VALENTIA OBSERVATORY,IWEC Data,39530,51.93,-10.25,14
REYKJAVIK,IWEC Data,40300,64.13,-21.9,61
Eilat,MSI,401990,29.55,34.95,12
Alghero,IGDG,165200,40.63,8.28,40
Ancona,IGDG,161910,43.62,13.52,105
Bolzano,IGDG,160200,46.47,11.33,241
Brindisi,IGDG,163200,40.65,17.95,10
BRINDISI,IWEC Data,163200,40.65,17.95,10
Campobasso,IGDG,162520,41.57,14.65,793
Capo Bellavista,IGDG,165500,39.93,9.72,156
Capo Palinuro,IGDG,163100,40.02,15.28,185
Cozzo Spadaro,IGDG,164800,36.68,15.13,51
Crotone,IGDG,163500,39.07,17.07,158
Foggia,IGDG,162610,41.42,15.53,80
Gela,IGDG,164530,37.08,14.22,11
GENOVA,IWEC Data,161200,44.42,8.85,3
Gioia del Colle,IGDG,163120,40.77,16.93,345
Grosseto,IGDG,162060,42.75,11.07,7
Lecce,IGDG,163320,40.23,18.15,48
Messina,IGDG,164200,38.2,15.55,59
MESSINA,IWEC Data,164200,38.2,15.55,51
MILAN,IWEC Data,160660,45.62,8.73,211
Monte Cimone,IGDG,161340,44.2,10.7,2137
Monte Terminillo,IGDG,162190,42.47,12.98,1875
NAPLES,IWEC Data,162890,40.85,14.3,72
Paganella,IGDG,160220,46.15,11.03,2129
PALERMO,IWEC Data,164050,38.18,13.1,34
Patelleria,IGDG,164700,36.82,11.97,170
Perugia,IGDG,161810,43.08,12.5,213
Pescara,IGDG,162300,42.85,14.2,16
Piacenza,IGDG,160840,44.92,9.73,134
PISA,IWEC Data,161580,43.68,10.38,1
Ponza,IGDG,162800,40.92,12.95,185
Pratica di Mare,IGDG,162450,41.65,12.6,21
Rimini,IGDG,161490,44.03,12.62,13
ROME,IWEC Data,162420,41.8,12.23,3
S Maria di Leuca,IGDG,163600,39.65,18.35,112
San Remo,IGDG,161530,43.95,8.17,221
Taranto,IGDG,163250,40.43,16.88,12
TORINO,IWEC Data,160590,45.22,7.65,287
Trieste,IGDG,161100,45.65,13.75,20
Ustica,IGDG,164000,38.7,13.18,251
VENICE,IWEC Data,161050,45.5,12.33,6
KAGOSHIMA,IWEC Data,478270,31.57,130.55,5
MATSUMOTO,IWEC Data,476180,36.25,137.97,611
MIHO (CIV/JASDF),IWEC Data,477430,35.48,133.25,9
NAGOYA,IWEC Data,476350,35.25,136.93,17
OSAKA,IWEC Data,477710,34.78,135.45,15
SAPPORO,IWEC Data,474120,43.05,141.33,19
SHIMONOSEKI,IWEC Data,477620,33.95,130.93,19
TOKYO HYAKURI,IWEC Data,477150,36.18,140.42,35
TOSASHIMIZU,IWEC Data,478980,32.72,133.02,33
SEMIPALATINSK,IWEC Data,361770,50.35,80.25,196
EMBU,SWERA,637200,-0.5,37.45,1493
GARISSA,SWERA,637230,-0.47,39.63,147
KISUMU,SWERA,637080,-0.1,34.75,1146
KITALE,SWERA,636610,1.02,35,1875
LODWAR,SWERA,636120,3.12,35.62,515
MAKINDU,SWERA,637660,-2.28,37.83,1000
MARSABIT,SWERA,636410,2.3,37.9,1345
MERU,SWERA,636950,0.08,37.65,1554
MOYALE_LOWER_(ODA),SWERA,636190,3.53,39.05,1097
NAIROBI,IWEC Data,637400,-1.32,36.92,1624
NAKURU,SWERA,637140,-0.27,36.1,1901
NYERI,SWERA,637170,-0.5,36.97,1759
VOI,SWERA,637930,-3.4,38.57,579
Kuwait Intl Airport,KISR,405820,29.22,47.98,55
TRIPOLI,IWEC Data,620100,32.67,13.15,81
KAUNAS,IWEC Data,266290,54.88,23.88,75
MACAU,IWEC Data,450110,22.2,113.53,86
CASABLANCA/NOUASSER,IWEC Data,601560,33.37,-7.58,206
ANTANANARIVO,IWEC Data,670830,-18.8,47.48,1276
ACAPULCO,IWEC Data,768056,16.77,-99.75,5
MEXICO CITY,IWEC Data,766790,19.43,-99.08,2234
VERACRUZ,IWEC Data,766910,19.2,-96.13,14
Kwajalein Atoll,TMY--40604,913660,8.73,167.73,2
ULAANBATAAR,IWEC Data,442920,47.93,106.98,1316
ULAANGOM,IWEC Data,442120,49.88,92.08,936
GEORGE TOWN,IWEC Data,486010,5.3,100.27,4
KOTA BAHARU,IWEC Data,486150,6.17,102.28,5
KUALA LUMPUR,IWEC Data,486470,3.12,101.55,22
KUCHING,IWEC Data,964130,1.48,110.33,27
AMSTERDAM,IWEC Data,62400,52.3,4.77,-2
BEEK,IWEC Data,63800,50.92,5.78,116
GRONINGEN,IWEC Data,62800,53.13,6.58,4
BERGEN,IWEC Data,13110,60.3,5.22,50
OSLO/FORNEBU,IWEC Data,14880,59.9,10.62,17
AUCKLAND,IWEC Data,931190,-37.02,174.8,6
CHRISTCHURCH,IWEC Data,937800,-43.48,172.55,34
WELLINGTON,IWEC Data,934360,-41.3,174.78,67
KARACHI,IWEC Data,417800,24.9,67.13,22
AREQUIPA,IWEC Data,847520,-16.32,-71.55,2520
CUZCO,IWEC Data,846860,-13.55,-71.98,3249
LIMA,IWEC Data,846280,-12,-77.12,13
MANILA,IWEC Data,984290,14.52,121,21
Koror Island,TMY--40309,914080,7.33,134.48,28
Bialystok,IMGW,122950,53,23.25,151
Bielsko Biala,IMGW,126000,49.67,19.25,399
Chojnice,IMGW,122350,53.7,17.57,172
Czestochowa,IMGW,125500,50.75,19,295
Elblag,IMGW,121600,54.15,19.43,0
Gorzow Wlkp,IMGW,123000,52.73,15.23,0
Hel,IMGW,121350,54.62,18.78,0
Jelenia Gora,IMGW,125000,50.9,15.73,344
Kalisz,IMGW,124350,51.75,18.08,140
Kasprowy Wierch,IMGW,126500,49.28,19.97,1
Katowice,IMGW,125600,50.23,19.03,304
Ketrzyn,IMGW,121850,54.08,21.38,110
Kielce,IMGW,125700,50.83,20.67,261
Klodzko,IMGW,125200,50.43,16.65,375
Kolo,IMGW,123450,52.18,18.62,117
Kolobrzeg,IMGW,121000,54.18,15.58,0
KOLOBRZEG,IWEC Data,121000,54.18,15.58,5
Koszalin,IMGW,121050,54.2,16.18,0
Krakow,IMGW,125660,50.08,19.92,237
KRAKOW,IWEC Data,125660,50.08,19.8,237
Leba,IMGW,121200,54.75,17.55,0
Lebork,IMGW,121250,54.55,17.75,0
Legnica,IMGW,124150,51.2,16.2,124
Lesko,IMGW,126900,49.45,22.32,422
Leszno,IMGW,124180,51.83,16.53,0
Lodz,IMGW,124650,51.75,19.47,190
Lublin Radawiec,IMGW,124950,51.25,22.5,240
Mikolajki,IMGW,122800,53.8,21.58,132
Mlawa,IMGW,122700,53.12,20.38,149
Nowy Sacz,IMGW,126600,49.58,20.5,295
Olsztyn,IMGW,122720,53.78,20.48,137
Opole,IMGW,125300,50.67,17.95,163
Ostroleka,IMGW,122850,51.17,19.13,0
Pila,IMGW,122300,53.15,16.75,0
Plock,IMGW,123600,52.55,19.7,109
Poznan,IMGW,123300,52.42,16.97,0
POZNAN,IWEC Data,123300,52.42,16.83,92
Przemysl,IMGW,126950,49.78,22.78,280
Raciborz,IMGW,125400,50.08,18.2,206
Resko,IMGW,122100,53.72,15.12,0
Rzeszow Jasionka,IMGW,125800,50.1,22.02,201
Sandomierz,IMGW,125850,50.68,21.75,218
Siedlce,IMGW,123850,52.17,22.3,155
Sniezka,IMGW,125100,50.74,15.73,1
Sulejow,IMGW,124690,51.37,19.88,189
Suwalki,IMGW,121950,54.1,22.93,186
Swinoujscie,IMGW,122000,53.92,14.25,0
Szczecin,IMGW,122050,53.4,14.67,0
Szczecinek,IMGW,122150,53.72,16.7,144
Tarnow,IMGW,125750,50.02,20.98,209
Terespol,IMGW,123990,52.08,23.57,137
Torun,IMGW,122500,51.1,23.08,0
Ustka,IMGW,121150,54.58,16.85,0
WARSAW,IWEC Data,123750,52.17,20.97,107
Warszawa Okecie,IMGW,123750,52.25,21,106
Wielun,IMGW,124550,51.22,18.55,201
Wlodawa,IMGW,124970,51.55,23.55,179
Wroclaw,IMGW,124240,51.1,17.03,124
Zakopane,IMGW,126250,49.3,19.97,857
Zamosc,IMGW,125950,50.75,23.25,213
Zielona Gora,IMGW,124000,51.93,15.5,192
Roosevelt Roads,TMY3,785350,18.25,-65.63,12
SAN_JUAN,TMY2-11641,785260,18.43,-66,19
San Juan Intl Arpt,TMY3,785260,18.42,-66,19
BRAGANCA,IWEC Data,85750,41.8,-6.73,692
COIMBRA,IWEC Data,85490,40.2,-8.42,140
EVORA,IWEC Data,85570,38.57,-7.9,321
FARO,IWEC Data,85540,37.02,-7.97,4
LAJES,IWEC Data,85090,38.77,-27.1,55
Lisboa,INETI,85360,38.73,-9.15,71
PORTO,IWEC Data,85450,41.23,-8.68,73
ASUNCION,IWEC Data,862180,-25.25,-57.57,101
BUCHAREST,IWEC Data,154200,44.5,26.13,91
CONSTANTA,IWEC Data,154800,44.22,28.63,14
CRAIOVA,IWEC Data,154500,44.23,23.87,195
GALATI,IWEC Data,153100,45.5,28.02,72
TIMISOARA,IWEC Data,152470,45.77,21.25,88
ARKHANGEL'SK,IWEC Data,225500,64.53,40.47,13
MOSCOW,IWEC Data,276120,55.75,37.63,156
SAMARA,IWEC Data,289000,53.25,50.45,44
RIYADH,IWEC Data,404380,24.7,46.8,612
DAKAR,IWEC Data,616410,14.73,-17.5,24
SINGAPORE,IWEC Data,486980,1.37,103.98,16
BELGRADE,IWEC Data,132720,44.82,20.28,99
PODGORICA,IWEC Data,134620,42.37,19.25,33
LJUBLJANA,IWEC Data,130140,46.22,14.48,385
GOTEBORG_ LANDVETTER,IWEC Data,25260,57.67,12.3,169
KARLSTAD,IWEC Data,24180,59.37,13.47,55
KIRUNA,IWEC Data,20440,67.82,20.33,452
OSTERSUND/FROSON,IWEC Data,22260,63.18,14.5,370
STOCKHOLM_ ARLANDA,IWEC Data,24600,59.65,17.95,61
DAMASCUS,IWEC Data,400800,33.42,36.52,605
BANGKOK,IWEC Data,484560,13.92,100.6,12
TUNIS,IWEC Data,607150,36.83,10.23,4
ANKARA,IWEC Data,171280,40.12,32.98,949
ISTANBUL,IWEC Data,170600,40.97,28.82,37
IZMIR,IWEC Data,172180,38.5,27.02,5
TAIPEI,IWEC Data,466960,25.07,121.55,6
KIEV,IWEC Data,333450,50.4,30.45,168
ODESSA,IWEC Data,338370,46.45,30.7,35
Wake Island,TMY--41606,912450,19.28,166.65,4
MONTEVIDEO,IWEC Data,865800,-34.83,-56,32
Adak NAS,TMY--25704,704540,51.88,-176.65,5
Adak Nas,TMY3,704540,51.88,-176.65,5
Ambler,TMY3,701718,67.1,-157.85,88
Anaktuvuk Pass,TMY3,701625,68.13,-151.73,657
ANCHORAGE,TMY2-26451,702730,61.17,-150.02,35
Anchorage Intl Ap,TMY3,702730,61.18,-150,35
ANNETTE,TMY2-25308,703980,55.03,-131.57,34
Annette,TMY--25308,703980,55.03,-131.57,34
Annette Island Ap,TMY3,703980,55.05,-131.57,33
Anvik,TMY3,702075,62.65,-160.18,99
BARROW,TMY2-27502,700260,71.3,-156.78,4
BETHEL,TMY2-26615,702190,60.78,-161.8,46
Bethel,TMY--26615,702190,60.78,-161.8,46
Bethel Airport,TMY3,702190,60.78,-161.83,38
BETTLES,TMY2-26533,701740,66.92,-151.52,205
Bettles Field,TMY3,701740,66.92,-151.52,196
BIG_DELTA,TMY2-26415,702670,64,-145.73,388
COLD_BAY,TMY2-25624,703160,55.2,-162.72,29
Cold Bay Arpt,TMY3,703160,55.2,-162.72,29
Cordova,TMY3,702960,60.5,-145.5,12
Deadhorse,TMY3,700637,70.2,-148.48,23
Dillingham  Amos,TMY3,703210,59.05,-158.52,29
Fairbanks Eielson A,TMY3,702650,64.65,-147.1,167
FAIRBANKS,TMY2-26411,702610,64.82,-147.87,138
Fairbanks/Int'l Airpor,TMY--26411,702610,64.82,-147.87,138
Fairbanks Intl Arpt,TMY3,702610,64.82,-147.85,133
Fort Yukon,TMY3,701940,66.57,-145.27,136
Gulkana,TMY--26425,702710,62.15,-145.45,481
GULKANA,TMY2-26425,702710,62.15,-145.45,481
Gulkana Intermediate Field,TMY3,702710,62.15,-145.45,478
Homer,TMY--25507,703410,59.65,-151.48,25
Homer Arpt,TMY3,703410,59.65,-151.48,27
Hooper Bay,TMY3,702186,61.52,-166.15,6
Iliamna Arpt,TMY3,703400,59.75,-154.92,57
Juneau,TMY--25309,703810,58.35,-134.58,3
Juneau IntL Arpt,TMY3,703810,58.35,-134.58,4
Kake Seaplane Base,TMY3,703855,56.97,-133.95,0
Kenai Municipal Ap,TMY3,702590,60.58,-151.23,26
Ketchikan Intl Ap,TMY3,703950,55.37,-131.72,23
KING_SALMON,TMY2-25503,703260,58.68,-156.65,15
King Salmon,TMY--25503,703260,58.68,-156.65,15
King Salmon Arpt,TMY3,703260,58.68,-156.65,15
KODIAK,TMY2-25501,703500,57.75,-152.33,34
Kodiak/State USCG Base,TMY--25501,703500,57.75,-152.5,34
Kodiak Airport,TMY3,703500,57.75,-152.5,5
KOTZEBUE,TMY2-26616,701330,66.87,-162.63,5
MCGRATH,TMY2-26510,702310,62.97,-155.62,103
McGrath,TMY--26510,702310,62.97,-155.62,103
Mcgrath Arpt,TMY3,702310,62.95,-155.6,105
Mekoryuk,TMY3,702185,60.37,-166.27,15
Middleton Island Aut,TMY3,703430,59.47,-146.32,14
Minchumina,TMY3,702460,63.88,-152.28,213
Nenana Municipal Ap,TMY3,702600,64.55,-149.1,109
NOME,TMY2-26617,702000,64.5,-165.43,7
Nome,TMY--26617,702000,64.5,-165.43,7
Nome Municipal Arpt,TMY3,702000,64.52,-165.45,4
Northway Airport,TMY3,702910,62.97,-141.93,522
Palmer Municipal,TMY3,702740,61.6,-149.08,71
Petersburg,TMY3,703860,56.8,-132.95,33
Point Hope  Awos,TMY3,701043,68.35,-166.8,4
Port Heiden,TMY3,703330,56.95,-158.62,29
Saint Mary S  Awos,TMY3,702005,62.07,-163.3,95
Sand Point,TMY3,703165,55.32,-160.52,7
Seward,TMY3,702770,60.12,-149.45,18
Shemya Afb,TMY3,704140,52.72,174.12,31
Shishmaref  Awos,TMY3,701195,66.27,-166.05,2
Skagway Airport,TMY3,703620,59.47,-135.3,9
Soldotna,TMY3,702595,60.47,-151.03,34
ST_PAUL_IS.,TMY2-25713,703080,57.15,-170.22,7
St Paul Island Arpt,TMY3,703080,57.17,-170.22,7
TALKEETNA,TMY2-26528,702510,62.3,-150.1,105
Talkeetna State Arpt,TMY3,702510,62.32,-150.1,105
Togiac Village Awos,TMY3,703606,59.05,-160.4,6
Unalakleet Field,TMY3,702070,63.88,-160.8,5
Valdez Wso,TMY3,702750,61.13,-146.35,7
Whittier,TMY3,702757,60.77,-148.68,9
Wrangell,TMY3,703870,56.48,-132.37,13
YAKUTAT,TMY2-25339,703610,59.52,-139.67,9
Yakutat,TMY--25339,703610,59.52,-139.67,9
Yakutat State Arpt,TMY3,703610,59.52,-139.63,8
Anniston Metropolitan Ap,TMY3,722287,33.58,-85.85,186
BIRMINGHAM,TMY2-13876,722280,33.57,-86.75,192
Birmingham,TMY--13876,722280,33.57,-86.75,192
Birmingham Municipal Ap,TMY3,722280,33.57,-86.75,189
Dothan Municipal Ap,TMY3,722268,31.23,-85.43,98
Gadsen Muni  Awos,TMY3,722285,33.97,-86.08,173
HUNTSVILLE,TMY2-03856,723230,34.65,-86.77,190
Maxwell Afb,TMY3,722265,32.38,-86.35,53
MOBILE,TMY2-13894,722230,30.68,-88.25,67
MONTGOMERY,TMY2-13895,722260,32.3,-86.4,62
Muscle Shoals Regional Ap,TMY3,723235,34.75,-87.6,165
Tuscaloosa Municipal Ap,TMY3,722286,33.22,-87.62,51
Batesville  Awos,TMY3,723448,35.73,-91.65,141
Bentonville  Awos,TMY3,723444,36.35,-94.22,395
Flippin  Awos,TMY3,723447,36.3,-92.47,350
FORT_SMITH,TMY2-13964,723440,35.33,-94.37,141
Fort Smith,TMY--13964,723440,35.33,-94.37,141
Fort Smith Regional Ap,TMY3,723440,35.33,-94.37,137
Harrison Faa Ap,TMY3,723446,36.27,-93.15,419
Jonesboro Muni,TMY3,723407,35.83,-90.65,82
LITTLE_ROCK,TMY2-13963,723405,34.73,-92.23,81
Little Rock Afb,TMY3,723405,34.92,-92.15,103
Pine Bluff Faa Ap,TMY3,723417,34.17,-91.93,63
Rogers  Awos,TMY3,723449,36.37,-94.1,415
Siloam Spring Awos,TMY3,723443,36.18,-94.48,364
Stuttgart  Awos,TMY3,723416,34.6,-91.57,68
Walnut Ridge  Awos,TMY3,723406,36.13,-90.92,83
Casa Granda  Awos,TMY3,722748,32.95,-111.77,446
Grand Canyon Natl P,TMY3,723783,35.95,-112.15,2065
Kingman  Amos,TMY3,723700,35.27,-113.95,1033
Luke Afb,TMY3,722785,33.55,-112.37,331
Page Muni  Amos,TMY3,723710,36.93,-111.45,1304
PHOENIX,TMY2-23183,722780,33.43,-112.02,339
PRESCOTT,TMY2-23184,723723,34.65,-112.43,1531
Safford  Amos,TMY3,722747,32.82,-109.68,950
TUCSON,TMY2-23160,722740,32.12,-110.93,779
Tucson,TMY--23160,722740,32.12,-110.93,779
Tucson International Ap,TMY3,722740,32.13,-110.95,777
Winslow,TMY--23194,723740,35.03,-110.71,1490
Winslow Municipal Ap,TMY3,723740,35.03,-110.72,1490
Yuma,TMY--23195,722800,32.66,-114.6,62
Yuma Intl Arpt,TMY3,722800,32.67,-114.6,63
Yuma Mcas,TMY3,699604,32.65,-114.62,65
ARCATA,TMY2-24283,725945,40.98,-124.1,69
Arcata/Eureka,TMY--24283,725945,40.98,-124.1,66
Arcata Airport,TMY3,725945,40.98,-124.1,62
BAKERSFIELD,TMY2-23155,723840,35.42,-119.05,150
Barstow/Daggett,TMY--23161,723815,34.85,-116.78,587
Daggett Barstow Daggett Ap,TMY3,723815,34.85,-116.8,586
Beale Afb,TMY3,724837,39.13,-121.43,38
Bishop Airport,TMY3,724800,37.37,-118.35,1250
Blue Canyon Ap,TMY3,725845,39.3,-120.72,1609
Camarillo  Awos,TMY3,723926,34.22,-119.08,23
Camp Pendleton Mcas,TMY3,722926,33.3,-117.35,23
Carlsbad Palomar,TMY3,722927,33.13,-117.28,100
Edwards Afb,TMY3,723810,34.9,-117.87,706
El Toro MCAS,TMY--93101,690140,33.66,-117.73,116
FRESNO,TMY2-93193,723890,36.77,-119.72,100
Fresno,TMY--93193,723890,36.77,-119.72,100
Fresno Yosemite Intl Ap,TMY3,723890,36.78,-119.72,102
Fullerton Municipal,TMY3,722976,33.87,-117.98,29
Hayward Air Term,TMY3,724935,37.67,-122.12,14
Imperial,TMY3,747185,32.83,-115.58,-17
Lemoore Reeves Nas,TMY3,747020,36.33,-119.95,73
Livermore Municipal,TMY3,724927,37.7,-121.82,121
Lompoc  Awos,TMY3,722895,34.67,-120.47,27
LONG_BEACH,TMY2-23129,722970,33.82,-118.15,17
LOS_ANGELES,TMY2-23174,722950,33.93,-118.4,32
Los Angeles,TMY--23174,722950,33.93,-118.4,32
Los Angeles Intl Arpt,TMY3,722950,33.93,-118.4,30
March Afb,TMY3,722860,33.9,-117.25,462
Modesto City County Ap,TMY3,724926,37.63,-120.95,30
Monterey Naf,TMY3,724915,36.6,-121.87,50
Mount Shasta,TMY--24215,725957,41.33,-122.33,1077
Napa Co  Airport,TMY3,724955,38.22,-122.28,10
Oakland,TMY--23230,724930,37.71,-122.21,1
Oakland Metropolitan Arpt,TMY3,724930,37.72,-122.22,2
Palm Springs Intl,TMY3,722868,33.83,-116.5,145
Paso Robles Municipal Arpt,TMY3,723965,35.67,-120.63,244
Oxnard/Point Mugu NF,TMY--93111,723910,34.11,-119.11,3
Point Mugu Nf,TMY3,723910,34.12,-119.12,3
Porterville  Awos,TMY3,723895,36.03,-119.07,135
Red Bluff,TMY--24216,725910,40.15,-122.25,106
Red Bluff Municipal Arpt,TMY3,725910,40.15,-122.25,106
Redding Municipal Arpt,TMY3,725920,40.52,-122.32,153
Riverside Muni,TMY3,722869,33.95,-117.45,256
Sacramento/Mather Fiel,TMY--23232,724830,38.55,-121.3,29
Sacramento Executive Arpt,TMY3,724830,38.5,-121.5,5
Sacramento Metropolitan Ap,TMY3,724839,38.7,-121.58,7
Salinas Municipal Ap,TMY3,724917,36.67,-121.6,21
SAN_DIEGO,TMY2-23188,722900,32.73,-117.17,9
SAN_FRANCISCO,TMY2-23234,724940,37.62,-122.38,5
San Francisco,TMY--23234,724940,37.62,-122.38,5
San Francisco Intl Ap,TMY3,724940,37.62,-122.4,2
San Jose Intl Ap,TMY3,724945,37.37,-121.93,16
San Luis Co Rgnl,TMY3,722897,35.23,-120.63,66
Sandberg,TMY3,723830,34.75,-118.72,1377
Santa Barbara Municipal Ap,TMY3,723925,34.43,-119.85,3
SANTA_MARIA,TMY2-23273,723940,34.9,-120.45,72
Santa Maria,TMY--23273,723940,34.9,-120.45,73
Santa Maria Public Arpt,TMY3,723940,34.92,-120.47,77
Santa Rosa  Awos,TMY3,724957,38.52,-122.82,38
Stockton Metropolitan Arpt,TMY3,724920,37.9,-121.23,7
Truckee Tahoe,TMY3,725846,39.32,-120.13,1798
Ukiah Municipal Ap,TMY3,725905,39.13,-123.2,189
Visalia Muni  Awos,TMY3,723896,36.32,-119.4,89
ALAMOSA,TMY2-23061,724620,37.45,-105.87,2297
Alamosa San Luis Valley Rgnl,TMY3,724620,37.43,-105.87,2296
COLORADO_SPRINGS,TMY2-93037,724660,38.82,-104.72,1881
Craig Moffat,TMY3,725700,40.5,-107.53,1915
Denver Intl Ap,TMY3,725650,39.83,-104.65,1650
EAGLE,TMY2-23063,724675,39.65,-106.92,1985
Eagle,TMY--23063,724675,39.65,-106.92,1993
Eagle County Ap,TMY3,724675,39.65,-106.92,1980
Fort Collins  Awos,TMY3,724769,40.45,-105.02,1529
GRAND_JUNCTION,TMY2-23066,724760,39.12,-108.53,1475
Gunnison Co   Awos,TMY3,724677,38.53,-106.93,2339
La Junta Municipal Ap,TMY3,724635,38.05,-103.53,1281
Lamar Municipal,TMY3,724636,38.07,-102.68,1129
Limon,TMY3,724665,39.18,-103.72,1695
Montrose Co  Arpt,TMY3,724765,38.5,-107.9,1755
PUEBLO,TMY2-93058,724640,38.28,-104.52,1439
Pueblo,TMY--93058,724640,38.28,-104.52,1439
Pueblo Memorial Ap,TMY3,724640,38.28,-104.5,1428
BRIDGEPORT,TMY2-94702,725040,41.17,-73.13,2
HARTFORD,TMY2-14740,725087,41.93,-72.68,55
Oxford  Awos,TMY3,725029,41.48,-73.13,222
Dover Afb,TMY3,724088,39.13,-75.47,7
WILMINGTON,TMY2-13781,724089,39.67,-75.6,24
Apalachicola,TMY--12832,722200,29.73,-85.03,6
DAYTONA_BEACH,TMY2-12834,722056,29.18,-81.05,12
Daytona Beach,TMY--12834,722056,29.18,-81.05,11
Daytona Beach Intl Ap,TMY3,722056,29.18,-81.07,9
Fort Lauderdale Hollywood Int,TMY3,722025,26.07,-80.15,3
Gainesville Regional Ap,TMY3,722146,29.7,-82.28,41
Homestead Afb,TMY3,722026,25.48,-80.38,5
JACKSONVILLE,TMY2-13889,722060,30.5,-81.7,9
Jacksonville/Int'l Air,TMY--13889,722060,30.5,-81.7,9
Jacksonville Intl Arpt,TMY3,722060,30.5,-81.7,8
Jacksonville Nas,TMY3,722065,30.23,-81.67,9
KEY_WEST,TMY2-12836,722010,24.55,-81.75,1
Key West Intl Arpt,TMY3,722010,24.55,-81.75,1
Key West Nas,TMY3,722015,24.58,-81.68,7
Macdill Afb,TMY3,747880,27.85,-82.52,8
Marathon Airport,TMY3,722016,24.73,-81.05,2
Mayport Ns,TMY3,722066,30.4,-81.42,5
Melbourne Regional Ap,TMY3,722040,28.12,-80.65,11
MIAMI,TMY2-12839,722020,25.8,-80.27,2
Miami/Int'l Airport,TMY--12839,722020,25.82,-80.28,4
Miami Intl Ap,TMY3,722020,25.82,-80.3,11
Naples Municipal,TMY3,722038,26.15,-81.77,3
Nasa Shuttle Fclty,TMY3,747946,28.62,-80.72,3
Ocala Muni  Awos,TMY3,722055,29.17,-82.22,27
Orlando,TMY--12841,722053,28.55,-81.33,32
Orlando Executive Ap,TMY3,722053,28.55,-81.33,33
Orlando Intl Arpt,TMY3,722050,28.43,-81.33,29
Pensacola Regional Ap,TMY3,722223,30.48,-87.18,34
Southwest Florida I,TMY3,722108,26.53,-81.75,9
TALLAHASSEE,TMY2-93805,722140,30.38,-84.37,21
Tallahassee,TMY--93805,722140,30.38,-84.37,21
Tallahassee Regional Ap  Isis,TMY3,722140,30.38,-84.37,21
TAMPA,TMY2-12842,722110,27.97,-82.53,3
Tampa/Int'l Airport,TMY--12842,722110,27.97,-82.53,3
Tampa International Ap,TMY3,722110,27.97,-82.53,6
Tyndall Afb,TMY3,747750,30.07,-85.58,7
Vero Beach Municipal Arpt,TMY3,722045,27.65,-80.42,7
WEST_PALM_BEACH,TMY2-12844,722030,26.68,-80.1,6
West Palm Beach,TMY--12844,722030,26.68,-80.12,6
West Palm Beach Intl Arpt,TMY3,722030,26.68,-80.1,6
Whiting Field Naas,TMY3,722226,30.72,-87.02,54
ATHENS,TMY2-13873,723110,33.95,-83.32,244
ATLANTA,TMY2-13874,722190,33.65,-84.43,315
AUGUSTA,TMY2-03820,722180,33.37,-81.97,45
COLUMBUS,TMY2-93842,722255,32.52,-84.95,136
Columbus Metropolitan Arpt,TMY3,722255,32.52,-84.95,120
Dekalb Peachtree,TMY3,722196,33.87,-84.3,313
Fulton Co Arpt Brow,TMY3,722195,33.77,-84.52,263
MACON,TMY2-03813,722170,32.7,-83.65,110
SAVANNAH,TMY2-03822,722070,32.13,-81.2,16
Savannah,TMY-- 3822,722070,32.13,-81.2,15
Savannah Intl Ap,TMY3,722070,32.12,-81.2,14
Valdosta Wb Airport,TMY3,722166,30.78,-83.28,61
Warner Robins Afb,TMY3,722175,32.63,-83.6,92
Ewa/Barbers Point NAS,TMY--22514,911780,21.32,-158.07,15
Barbers Point Nas,TMY3,911780,21.32,-158.07,15
HILO,TMY2-21504,912850,19.72,-155.07,11
Hilo,TMY--21504,912850,19.72,-155.07,11
Hilo International Ap,TMY3,912850,19.72,-155.05,9
HONOLULU,TMY2-22521,911820,21.33,-157.92,5
Honolulu,TMY--22521,911820,21.35,-157.93,5
Honolulu Intl Arpt,TMY3,911820,21.32,-157.93,2
KAHULUI,TMY2-22516,911900,20.9,-156.43,15
Kahului Airport,TMY3,911900,20.9,-156.43,16
LIHUE,TMY2-22536,911650,21.98,-159.35,45
Lihue,TMY--22536,911650,21.98,-159.35,45
Lihue Airport,TMY3,911650,21.98,-159.33,31
Molokai  Amos,TMY3,911860,21.15,-157.1,137
Atlantic,TMY3,725453,41.4,-95.05,360
Boone Muni,TMY3,725486,42.05,-93.85,354
Burlington,TMY--14931,725455,40.78,-91.13,213
Burlington Municipal Ap,TMY3,725455,40.78,-91.12,211
Carroll,TMY3,725468,42.05,-94.78,375
Cedar Rapids Municipal Ap,TMY3,725450,41.88,-91.72,256
Chariton,TMY3,725469,41.03,-93.37,320
Charles City,TMY3,725463,43.07,-92.62,343
Clinton Muni  Awos,TMY3,725473,41.83,-90.33,216
Creston,TMY3,725474,41.02,-94.37,394
DES_MOINES,TMY2-14933,725460,41.53,-93.65,294
Des Moines,TMY--14933,725460,41.53,-93.65,294
Des Moines Intl Ap,TMY3,725460,41.53,-93.67,292
Dubuque Regional Ap,TMY3,725470,42.4,-90.7,322
Estherville Muni,TMY3,726499,43.4,-94.75,401
Fair Field,TMY3,726498,41.05,-91.98,244
Fort Dodge  Awos,TMY3,725490,42.55,-94.18,355
Keokuk Muni,TMY3,725456,40.47,-91.43,205
MASON_CITY,TMY2-14940,725485,43.15,-93.33,373
Mason City,TMY--14940,725485,43.15,-93.33,370
Mason City Municipal Arpt,TMY3,725485,43.15,-93.33,364
Ottumwa Industrial Ap,TMY3,725465,41.1,-92.45,257
SIOUX_CITY,TMY2-14943,725570,42.4,-96.38,336
Spencer,TMY3,726500,43.17,-95.15,408
Storm Lake,TMY3,725496,42.6,-95.23,454
Washington,TMY3,725454,41.28,-91.67,230
WATERLOO,TMY2-94910,725480,42.55,-92.4,265
Waterloo Municipal Ap,TMY3,725480,42.55,-92.4,264
Webster City,TMY3,725478,42.43,-93.87,342
BOISE,TMY2-24131,726810,43.57,-116.22,874
Boise,TMY--24131,726810,43.57,-116.22,874
Boise Air Terminal  Uo,TMY3,726810,43.62,-116.21,701
Burley Municipal Arpt,TMY3,725867,42.53,-113.77,1267
Caldwell  Awos,TMY3,726813,43.63,-116.63,740
Coeur D Alene Awos,TMY3,727834,47.77,-116.82,707
Mountain Home Afb,TMY3,726815,43.05,-115.87,912
POCATELLO,TMY2-24156,725780,42.92,-112.6,1365
Pocatello,TMY--24156,725780,42.92,-112.6,1365
Pocatello Regional Ap,TMY3,725780,42.92,-112.57,1353
Aurora Municipal,TMY3,744655,41.77,-88.47,215
Cahokia St  Louis,TMY3,725314,38.57,-90.15,126
Decatur,TMY3,725316,39.83,-88.87,213
W  Chicago Du Page,TMY3,725305,41.92,-88.25,231
MOLINE,TMY2-14923,725440,41.45,-90.52,181
Mount Vernon  Awos,TMY3,724335,38.32,-88.87,146
PEORIA,TMY2-14842,725320,40.67,-89.68,199
Quincy Muni Baldwin Fld,TMY3,724396,39.93,-91.2,233
ROCKFORD,TMY2-94822,725430,42.2,-89.1,221
SPRINGFIELD,TMY2-93822,724390,39.83,-89.67,187
EVANSVILLE,TMY2-93817,724320,38.05,-87.53,118
Evansville,TMY--93817,724320,38.05,-87.53,118
Evansville Regional Ap,TMY3,724320,38.05,-87.53,116
FORT_WAYNE,TMY2-14827,725330,41,-85.2,252
Fort Wayne,TMY--14827,725330,41,-85.2,252
Fort Wayne Intl Ap,TMY3,725330,41,-85.2,241
Grissom Arb,TMY3,725335,40.65,-86.15,253
Huntingburg,TMY3,724365,38.25,-86.95,161
INDIANAPOLIS,TMY2-93819,724380,39.73,-86.28,246
Indianapolis,TMY--93819,724380,39.73,-86.27,246
Indianapolis Intl Ap,TMY3,724380,39.72,-86.27,241
Monroe Co,TMY3,724375,39.13,-86.62,264
SOUTH_BEND,TMY2-14848,725350,41.7,-86.32,236
DODGE_CITY,TMY2-13985,724510,37.77,-99.97,787
Dodge City,TMY--13985,724510,37.77,-99.97,790
Dodge City Regional Ap,TMY3,724510,37.77,-99.97,785
Garden City Municipal Ap,TMY3,724515,37.93,-100.72,878
GOODLAND,TMY2-23065,724650,39.37,-101.7,1124
Great Bend  Awos,TMY3,724517,38.35,-98.87,575
Hays Muni  Awos,TMY3,724518,38.85,-99.27,609
Hill City Municipal Ap,TMY3,724655,39.38,-99.83,667
Liberal Muni,TMY3,724516,37.03,-100.97,901
Manhattan Rgnl,TMY3,724555,39.13,-96.67,330
Newton  Awos,TMY3,724509,38.05,-97.28,467
Russell Municipal Ap,TMY3,724585,38.88,-98.82,566
Salina Municipal Ap,TMY3,724586,38.82,-97.67,385
TOPEKA,TMY2-13996,724560,39.07,-95.63,270
WICHITA,TMY2-03928,724500,37.65,-97.42,408
Fort Campbell Aaf,TMY3,746710,36.67,-87.48,173
Henderson City,TMY3,724238,37.82,-87.68,117
LEXINGTON,TMY2-93820,724220,38.03,-84.6,301
LOUISVILLE,TMY2-93821,724230,38.18,-85.73,149
Barksdale Afb,TMY3,722485,32.5,-93.67,54
BATON_ROUGE,TMY2-13970,722317,30.53,-91.15,23
Fort Polk Aaf,TMY3,722390,31.05,-93.18,102
Lafayette Regional Ap,TMY3,722405,30.2,-91.98,12
LAKE_CHARLES,TMY2-03937,722400,30.12,-93.22,3
Lake Charles,TMY-- 3937,722400,30.12,-93.22,10
Lake Charles Regional Arpt,TMY3,722400,30.12,-93.23,5
Monroe Regional Ap,TMY3,722486,32.52,-92.03,40
NEW_ORLEANS,TMY2-12916,722315,29.98,-90.25,3
New Orleans/Lakefront,TMY--12916,722310,30.05,-90.03,3
New Orleans Intl Arpt,TMY3,722310,30,-90.25,1
Patterson Memorial,TMY3,722329,29.72,-91.33,3
SHREVEPORT,TMY2-13957,722480,32.47,-93.82,79
Shreveport Downtown,TMY3,722484,32.53,-93.75,55
Shreveport,TMY--13957,722480,32.47,-93.82,79
Shreveport Regional Arpt,TMY3,722480,32.45,-93.82,77
Lawrence Muni,TMY3,744904,42.72,-71.12,46
Marthas Vineyard,TMY3,725066,41.4,-70.62,21
New Bedford Rgnl,TMY3,725065,41.67,-70.95,25
Norwood Memorial,TMY3,725098,42.18,-71.18,15
Otis Angb,TMY3,725060,41.65,-70.52,40
Plymouth Municipal,TMY3,725064,41.92,-70.73,45
Provincetown  Awos,TMY3,725073,42.07,-70.22,2
WORCESTER,TMY2-94746,725095,42.27,-71.87,301
Worchester Regional Arpt,TMY3,725095,42.27,-71.88,300
Andrews Afb,TMY3,745940,38.82,-76.87,86
BALTIMORE,TMY2-93721,724060,39.18,-76.67,47
Patuxent River NAS,TMY--13721,724040,38.3,-76.41,14
Patuxent River Nas,TMY3,724040,38.3,-76.42,14
Augusta Airport,TMY3,726185,44.32,-69.8,107
Bangor/Dow AFB,TMY--14601,726088,44.8,-68.8,56
Bangor International Ap,TMY3,726088,44.8,-68.82,56
Bar Harbor  Awos,TMY3,726077,44.45,-68.37,26
Naval Air Station,TMY3,743920,43.9,-69.93,21
CARIBOU,TMY2-14607,727120,46.87,-68.02,190
Caribou,TMY--14607,727120,46.87,-68.02,190
Caribou Municipal Arpt,TMY3,727120,46.87,-68.03,190
Houlton Intl Arpt,TMY3,727033,46.12,-67.8,150
PORTLAND,TMY2-14764,726060,43.65,-70.32,19
Portland,TMY--14764,726060,43.65,-70.32,19
Portland Intl Jetport,TMY3,726060,43.65,-70.3,14
Presque Isle Municip,TMY3,727130,46.68,-68.05,163
Sanford Muni  Awos,TMY3,726064,43.4,-70.72,74
Waterville  Awos,TMY3,726073,44.53,-69.68,101
Wiscasset,TMY3,727135,43.97,-69.72,21
ALPENA,TMY2-94849,726390,45.07,-83.57,210
Alpena,TMY--94849,726390,45.07,-83.57,211
Alpena County Regional Ap,TMY3,726390,45.07,-83.58,210
Chippewa Co Intl,TMY3,727344,46.25,-84.47,250
Detroit Metropolitan Arpt,TMY3,725370,42.22,-83.35,194
Escanaba  Awos,TMY3,726480,45.75,-87.03,187
FLINT,TMY2-14826,726370,42.97,-83.73,233
GRAND_RAPIDS,TMY2-94860,726350,42.88,-85.52,245
HOUGHTON,TMY2-94814,727440,47.17,-88.5,329
Ironwood  Awos,TMY3,727445,46.53,-90.13,375
LANSING,TMY2-14836,725390,42.78,-84.6,256
Manistee  Awos,TMY3,726385,44.27,-86.25,189
Menominee  Awos,TMY3,726487,45.13,-87.63,191
MUSKEGON,TMY2-14840,726360,43.17,-86.25,191
Muskegon County Arpt,TMY3,726360,43.17,-86.23,190
Oakland Co Intl,TMY3,726375,42.67,-83.42,306
SAULT_STE._MARIE,TMY2-14847,727340,46.47,-84.37,221
St Clair County Int,TMY3,725384,42.92,-82.53,198
TRAVERSE_CITY,TMY2-14850,726387,44.73,-85.58,192
Aitkin Ndb Awos,TMY3,727504,46.55,-93.68,367
Albert Lea  Awos,TMY3,726589,43.68,-93.37,383
Alexandria Municipal Ap,TMY3,726557,45.88,-95.4,433
Austin Muni,TMY3,727566,43.67,-92.93,375
Baudette International Ap,TMY3,727476,48.72,-94.6,330
Bemidji Municipal,TMY3,727550,47.5,-94.93,420
Benson Muni,TMY3,727507,45.32,-95.65,317
Cambridge Muni,TMY3,727503,45.57,-93.27,287
Cloquet  Awos,TMY3,726558,46.7,-92.5,390
Crane Lake  Awos,TMY3,727473,46.27,-92.57,350
Crookston Muni Fld,TMY3,727452,47.85,-96.62,273
Detroit Lakes Awos,TMY3,727457,46.83,-95.88,426
DULUTH,TMY2-14913,727450,46.83,-92.18,432
Duluth,TMY--14913,727450,46.83,-92.18,432
Duluth International Arpt,TMY3,727450,46.83,-92.22,433
Ely Muni,TMY3,727459,47.82,-91.83,455
Eveleth Muni  Awos,TMY3,727474,47.4,-92.5,421
Fairmont Muni Awos,TMY3,726586,43.65,-94.42,354
Faribault Muni Awos,TMY3,726563,44.33,-93.32,322
Fergus Falls Awos,TMY3,726560,46.28,-96.15,361
Fosston Awos,TMY3,727505,47.58,-95.77,388
Glenwood  Asos,TMY3,726547,45.65,-95.32,425
Grand Rapids Awos,TMY3,727458,47.22,-93.52,413
Hallock,TMY3,727478,48.78,-96.95,250
Hutchinson  Awos,TMY3,726569,44.87,-94.38,323
INTERNATIONAL_FALLS,TMY2-14918,727470,48.57,-93.38,361
International Falls,TMY--14918,727470,48.57,-93.38,361
International Falls Intl Ap,TMY3,727470,48.57,-93.4,359
Litchfield Muni,TMY3,726583,45.1,-94.5,347
Little Falls  Awos,TMY3,726578,45.95,-94.35,342
Mankato Awos,TMY3,726585,44.22,-93.92,311
Mora Muni  Awos,TMY3,727475,45.88,-93.27,309
Morris Muni  Awos,TMY3,726565,45.57,-95.97,344
New Ulm Muni  Awos,TMY3,726567,44.32,-94.5,308
Orr,TMY3,726544,48.02,-92.87,397
Owatonna  Awos,TMY3,726568,44.12,-93.25,350
Park Rapids Municipal Ap,TMY3,727453,46.9,-95.07,437
Pipestone  Awos,TMY3,726566,43.98,-96.32,529
Red Wing,TMY3,726564,44.58,-92.48,239
Redwood Falls Muni,TMY3,726556,44.55,-95.08,312
ROCHESTER,TMY2-14925,726440,43.92,-92.5,402
Rochester,TMY--14925,726440,43.92,-92.5,402
Rochester International Arpt,TMY3,726440,43.9,-92.5,398
Roseau Muni  Awos,TMY3,727477,48.85,-95.7,323
SAINT_CLOUD,TMY2-14926,726550,45.55,-94.07,313
Silver Bay,TMY3,727556,47.2,-91.4,331
South St Paul Muni,TMY3,726603,44.85,-93.15,250
St Cloud Regional Arpt,TMY3,726550,45.55,-94.05,311
Thief River Awos,TMY3,727555,48.07,-96.18,340
Two Harbors,TMY3,727444,47.05,-91.75,328
Wheaton Ndb  Awos,TMY3,727533,45.7,-96.5,313
Willmar,TMY3,726576,45.12,-95.08,345
Winona Muni  Awos,TMY3,726588,44.08,-91.7,200
Worthington  Awos,TMY3,726587,43.65,-95.58,480
Cape Girardeau Municipal Ap,TMY3,723489,37.23,-89.57,103
COLUMBIA,TMY2-03945,724450,38.82,-92.22,270
Columbia,TMY-- 3945,724450,38.82,-92.22,274
Columbia Regional Airport,TMY3,724450,38.82,-92.22,272
Jefferson City Mem,TMY3,724458,38.58,-92.15,167
Joplin Municipal Ap,TMY3,723495,37.15,-94.5,297
KANSAS_CITY,TMY2-03947,724460,39.3,-94.72,315
Kansas City Downtown Ap,TMY3,724463,39.12,-94.6,226
Kansas City IntL Arpt,TMY3,724460,39.3,-94.72,298
Kirksville Regional Ap,TMY3,724455,40.1,-92.55,294
Poplar Bluff Amos,TMY3,723300,36.77,-90.47,146
Vichy Rolla Natl Arpt,TMY3,724456,38.13,-91.77,336
SPRINGFIELD,TMY2-13995,724400,37.23,-93.38,387
Springfield,TMY--13995,724400,37.23,-93.38,387
Springfield Regional Arpt,TMY3,724400,37.23,-93.38,384
ST._LOUIS,TMY2-13994,724340,38.75,-90.38,172
Whiteman Afb,TMY3,724467,38.72,-93.55,255
Columbus Afb,TMY3,723306,33.65,-88.45,68
Golden Tri Awos,TMY3,723307,33.45,-88.58,80
JACKSON,TMY2-03940,722350,32.32,-90.08,101
Jackson,TMY-- 3940,722350,32.32,-90.08,101
Jackson International Ap,TMY3,722350,32.32,-90.08,94
MERIDIAN,TMY2-13865,722340,32.33,-88.75,94
Meridian Naas,TMY3,722345,32.55,-88.57,83
BILLINGS,TMY2-24033,726770,45.8,-108.53,1088
CUT_BANK,TMY2-24137,727796,48.6,-112.37,1170
Cut Bank,TMY--24137,727796,48.6,-112.37,1175
Cut Bank Muni Ap,TMY3,727796,48.6,-112.37,1170
Dillon,TMY--24138,726796,45.25,-112.55,1597
GLASGOW,TMY2-94008,727680,48.22,-106.62,700
Glasgow,TMY--94008,727680,48.22,-106.62,700
Glasgow Intl Arpt,TMY3,727680,48.22,-106.62,699
Glendive Awos,TMY3,726676,47.13,-104.8,749
GREAT_FALLS,TMY2-24143,727755,47.48,-111.37,1116
Great Falls/Malmstrom,TMY--24143,727750,47.5,-111.18,1075
Great Falls Intl Arpt,TMY3,727750,47.47,-111.38,1117
HELENA,TMY2-24144,727720,46.6,-112,1188
Helena,TMY--24144,727720,46.6,-112,1188
Helena Regional Airport,TMY3,727720,46.6,-111.97,1167
KALISPELL,TMY2-24146,727790,48.3,-114.27,904
LEWISTOWN,TMY2-24036,726776,47.05,-109.45,1264
Lewistown,TMY--24036,726776,47.05,-109.47,1270
Lewistown Municipal Arpt,TMY3,726776,47.05,-109.45,1263
MILES_CITY,TMY2-24037,742300,46.43,-105.87,803
Miles City,TMY--24037,742300,46.43,-105.87,801
Miles City Municipal Arpt,TMY3,742300,46.43,-105.88,801
MISSOULA,TMY2-24153,727730,46.92,-114.08,972
Missoula,TMY--24153,727730,46.92,-114.08,972
Missoula International Ap,TMY3,727730,46.92,-114.1,973
ASHEVILLE,TMY2-03812,723150,35.43,-82.53,661
Asheville,TMY-- 3812,723150,35.43,-82.55,661
Asheville Regional Arpt,TMY3,723150,35.43,-82.53,652
Cape Hatteras,TMY--93729,723040,35.27,-75.55,3
CAPE_HATTERAS,TMY2-93729,723040,35.27,-75.55,2
Cape Hatteras Nws Bldg,TMY3,723040,35.27,-75.55,3
CHARLOTTE,TMY2-13881,723140,35.22,-80.93,234
Cherry Point MCAS,TMY--13754,723090,34.9,-76.88,11
Cherry Point Mcas,TMY3,723090,34.9,-76.88,11
Fayetteville Rgnl G,TMY3,723035,34.98,-78.88,59
GREENSBORO,TMY2-13723,723170,36.08,-79.95,270
Hickory Regional Ap,TMY3,723145,35.73,-81.38,348
Jacksonville  Awos,TMY3,723069,34.83,-77.62,29
New River Mcaf,TMY3,723096,34.7,-77.38,5
Pitt Greenville Arp,TMY3,723065,35.63,-77.4,8
WILMINGTON,TMY2-13748,723013,34.27,-77.9,9
Wilmington International Arpt,TMY3,723013,34.27,-77.9,9
BISMARCK,TMY2-24011,727640,46.77,-100.75,502
Bismarck,TMY--24011,727640,46.77,-100.75,506
Bismarck Municipal Arpt  Isis,TMY3,727640,46.77,-100.77,502
Devils Lake Awos,TMY3,727573,48.12,-98.92,443
Dickinson Municipal Ap,TMY3,727645,46.8,-102.8,788
FARGO,TMY2-14914,727530,46.9,-96.8,274
Grand Forks Af,TMY3,727575,47.97,-97.4,276
Grand Forks International Ap,TMY3,727576,47.95,-97.18,256
Jamestown Municipal Arpt,TMY3,727535,46.92,-98.68,455
MINOT,TMY2-24013,727676,48.27,-101.28,522
Minot Afb,TMY3,727675,48.42,-101.35,497
Minot/Int'l Airport,TMY--24013,727676,48.27,-101.28,523
Minot Faa Ap,TMY3,727676,48.27,-101.28,523
Ainsworth Municipal,TMY3,725556,42.58,-100,789
Alliance Municipal,TMY3,725635,42.05,-102.8,1198
Beatrice Municipal,TMY3,725515,40.3,-96.75,403
Columbus Muni,TMY3,725565,41.45,-97.33,451
Fremont Muni Arpt,TMY3,725564,41.45,-96.52,379
GRAND_ISLAND,TMY2-14935,725520,40.97,-98.32,566
Hastings Municipal,TMY3,725525,40.6,-98.43,596
Kearney Muni  Awos,TMY3,725526,40.73,-99,649
Lincoln Municipal Arpt,TMY3,725510,40.83,-96.77,357
Mccook Municipal,TMY3,725625,40.2,-100.58,786
NORFOLK,TMY2-14941,725560,41.98,-97.43,471
NORTH_PLATTE,TMY2-24023,725620,41.13,-100.68,849
North Platte,TMY--24023,725620,41.13,-100.68,849
North Platte Regional Ap,TMY3,725620,41.12,-100.67,847
OMAHA,TMY2-94918,725500,41.37,-96.52,404
Omaha Wsfo,TMY3,725530,41.37,-96.02,399
SCOTTSBLUFF,TMY2-24028,725660,41.87,-103.6,1206
Sidney Municipal Ap,TMY3,725610,41.1,-102.98,1313
Tekamah  Asos,TMY3,725527,41.77,-96.17,312
Berlin Municipal,TMY3,726160,44.58,-71.18,353
CONCORD,TMY2-14745,726050,43.2,-71.5,105
Concord,TMY--14745,726050,43.2,-71.5,105
Concord Municipal Arpt,TMY3,726050,43.2,-71.5,106
Laconia Muni  Awos,TMY3,726155,43.57,-71.42,166
Lebanon Municipal,TMY3,726116,43.63,-72.3,182
Manchester Airport,TMY3,743945,42.93,-71.43,69
Mount Washington,TMY3,726130,44.27,-71.3,1910
Pease Intl Tradepor,TMY3,726055,43.08,-70.82,31
ATLANTIC_CITY,TMY2-93730,724070,39.45,-74.57,20
Atlantic City Intl Ap,TMY3,724070,39.45,-74.57,18
Cape May Co,TMY3,745966,39,-74.92,7
Lakehurst NAS,TMY--14780,724096,40.03,-74.7,34
Mcguire Afb,TMY3,724096,40.02,-74.6,45
Millville Municipal Ap,TMY3,724075,39.37,-75.08,21
NEWARK,TMY2-14734,725020,40.7,-74.17,9
Newark,TMY--14734,725020,40.7,-74.17,9
Newark International Arpt,TMY3,725020,40.72,-74.18,3
Teterboro Airport,TMY3,725025,40.85,-74.07,3
ALBUQUERQUE,TMY2-23050,723650,35.05,-106.62,1619
Albuquerque,TMY--23050,723650,35.05,-106.62,1620
Albuquerque Intl Arpt  Isis,TMY3,723650,35.04,-106.62,1619
Carlsbad Cavern City Air Term,TMY3,722687,32.33,-104.27,985
Clayton,TMY--23051,723600,36.45,-103.15,1511
Clayton Municipal Airpark,TMY3,723600,36.45,-103.15,1512
Clovis Muni   Awos,TMY3,722689,34.43,-103.08,1284
Holloman Afb,TMY3,747320,32.85,-106.1,1248
Roswell,TMY--23043,722680,33.3,-104.53,1112
Roswell Industrial Air Park,TMY3,722680,33.3,-104.53,1112
Taos Muni Apt Awos,TMY3,723663,36.45,-105.67,2161
Truth or Consequences,TMY--93045,722710,33.23,-107.25,1478
Truth Or Consequences Muni Ap,TMY3,722710,33.23,-107.27,1478
ELKO,TMY2-24121,725825,40.83,-115.78,1547
Elko,TMY--24121,725825,40.83,-115.78,1565
Elko Municipal Arpt,TMY3,725825,40.83,-115.8,1548
ELY,TMY2-23154,724860,39.28,-114.85,1906
Fallon Naas,TMY3,724885,39.42,-118.72,1199
LAS_VEGAS,TMY2-23169,723860,36.08,-115.17,664
Nellis Afb,TMY3,723865,36.25,-115.03,573
RENO,TMY2-23185,724880,39.5,-119.78,1341
TONOPAH,TMY2-23153,724855,38.07,-117.13,1653
Tonopah,TMY--23153,724855,38.05,-117.08,1654
Tonopah Airport,TMY3,724855,38.07,-117.08,1655
WINNEMUCCA,TMY2-24128,725830,40.9,-117.8,1323
Winnemucca,TMY--24128,725830,40.9,-117.8,1315
Winnemucca Municipal Arpt,TMY3,725830,40.9,-117.8,1310
ALBANY,TMY2-14735,725180,42.75,-73.8,89
Albany,TMY--14735,725180,42.75,-73.8,89
Albany County Ap,TMY3,725180,42.75,-73.8,84
BINGHAMTON,TMY2-04725,725150,42.22,-75.98,499
BUFFALO,TMY2-14733,725280,42.93,-78.73,215
Elmira Corning Regional Ap,TMY3,725156,42.17,-76.9,291
Jamestown  Awos,TMY3,725235,42.15,-79.27,525
MASSENA,TMY2-94725,726223,44.93,-74.85,63
Massena,TMY--94725,726223,44.93,-74.85,65
Massena Ap,TMY3,726223,44.93,-74.85,65
Monticello Awos,TMY3,725145,41.7,-74.8,428
Niagara Falls Af,TMY3,725287,43.1,-78.95,180
Republic,TMY3,744864,40.72,-73.42,26
ROCHESTER,TMY2-14768,725290,43.12,-77.67,169
SYRACUSE,TMY2-14771,725190,43.12,-76.12,124
Watertown Ap,TMY3,726227,44,-76.02,97
AKRON,TMY2-14895,725210,40.92,-81.43,377
Akron/Canton,TMY--14895,725210,40.92,-81.43,377
Akron Akron Canton Reg Ap,TMY3,725210,40.92,-81.43,368
CLEVELAND,TMY2-14820,725240,41.4,-81.85,245
COLUMBUS,TMY2-14821,724280,40,-82.88,254
DAYTON,TMY2-93815,745700,39.9,-84.22,306
Dayton International Airport,TMY3,724290,39.9,-84.22,305
Findlay Airport,TMY3,725366,41.02,-83.67,244
MANSFIELD,TMY2-14891,725246,40.82,-82.52,395
Ohio State Universi,TMY3,724288,40.07,-83.07,283
TOLEDO,TMY2-94830,725360,41.6,-83.8,211
Toledo,TMY--94830,725360,41.6,-83.8,211
Toledo Express Airport,TMY3,725360,41.58,-83.8,204
YOUNGSTOWN,TMY2-14852,725250,41.27,-80.67,361
Youngstown,TMY--14852,725250,41.27,-80.67,361
Youngstown Regional Airport,TMY3,725250,41.25,-80.67,360
Zanesville Municipal Ap,TMY3,724286,39.95,-81.9,268
Altus Afb,TMY3,723520,34.65,-99.27,414
Clinton Sherman,TMY3,723526,35.33,-99.2,586
Gage Airport,TMY3,723527,36.3,-99.77,668
Hobart Municipal Ap,TMY3,723525,35,-99.05,478
Lawton Municipal,TMY3,723575,34.57,-98.42,338
Mcalester Municipal Ap,TMY3,723566,34.9,-95.78,232
OKLAHOMA_CITY,TMY2-13967,723530,35.4,-97.6,397
Ponca City Municipal Ap  Sgp,TMY3,723546,36.61,-97.49,318
Stillwater Rgnl,TMY3,723545,36.15,-97.08,308
TULSA,TMY2-13968,723560,36.2,-95.9,206
Tulsa,TMY--13968,723560,36.2,-95.9,206
Tulsa International Airport,TMY3,723560,36.2,-95.88,198
Vance Afb,TMY3,723535,36.33,-97.92,408
ASTORIA,TMY2-94224,727910,46.15,-123.88,7
Astoria,TMY--94224,727910,46.15,-123.88,7
Astoria Regional Airport,TMY3,727910,46.15,-123.88,3
Aurora State,TMY3,726959,45.25,-122.77,60
Baker Municipal Ap,TMY3,726886,44.83,-117.82,1027
BURNS,TMY2-94185,726830,43.58,-119.05,1271
Burns Municipal Arpt  Uo,TMY3,726830,43.52,-119.02,1271
Corvallis Muni,TMY3,726945,44.48,-123.28,77
EUGENE,TMY2-24221,726930,44.12,-123.22,109
Klamath Falls Intl Ap  Uo,TMY3,725895,42.22,-121.74,1220
La Grande Muni Ap,TMY3,726884,45.28,-118,827
Lakeview  Awos,TMY3,725976,42.17,-120.4,1441
MEDFORD,TMY2-24225,725970,42.37,-122.87,396
NORTH_BEND,TMY2-24284,726917,43.42,-124.25,5
North Bend,TMY--24284,726917,43.42,-124.25,4
North Bend Muni Airport,TMY3,726917,43.42,-124.25,2
PENDLETON,TMY2-24155,726880,45.68,-118.85,456
PORTLAND,TMY2-24229,726980,45.6,-122.6,12
Portland,TMY--24229,726980,45.6,-122.6,12
Portland International Ap,TMY3,726980,45.6,-122.62,6
REDMOND,TMY2-24230,726835,44.27,-121.15,940
SALEM,TMY2-24232,726940,44.92,-123.02,61
Sexton Summit,TMY3,725975,42.6,-123.37,1168
ALLENTOWN,TMY2-14737,725170,40.65,-75.43,117
BRADFORD,TMY2-04751,725266,41.8,-78.63,600
Bradford Regional Ap,TMY3,725266,41.8,-78.63,645
Butler Co   Awos,TMY3,725124,40.78,-79.95,380
ERIE,TMY2-14860,725260,42.08,-80.18,225
Erie,TMY--14860,725260,42.08,-80.18,225
Erie International Ap,TMY3,725260,42.08,-80.18,222
HARRISBURG,TMY2-14751,725115,40.22,-76.85,106
Middletown Harrisburg Intl Ap,TMY3,725115,40.2,-76.77,92
PHILADELPHIA,TMY2-13739,724086,39.88,-75.25,9
Philadelphia/Willow Gr,TMY--13739,724080,40.2,-75.15,110
Philadelphia International Ap,TMY3,724080,39.87,-75.23,2
PITTSBURGH,TMY2-94823,725200,40.5,-80.22,373
Pittsburgh/Pittsburgh,TMY--94823,725200,40.5,-80.22,373
Pittsburgh International Ap,TMY3,725200,40.5,-80.23,350
Washington  Awos,TMY3,725117,40.13,-80.28,361
WILLIAMSPORT,TMY2-14778,725140,41.27,-77.05,243
Williamsport Regional Ap,TMY3,725140,41.25,-76.92,158
Willow Grove Nas,TMY3,724086,40.2,-75.15,102
Block Island State Arpt,TMY3,725058,41.17,-71.58,34
Pawtucket  Awos,TMY3,725054,41.92,-71.5,134
PROVIDENCE,TMY2-14765,725070,41.73,-71.43,19
Anderson County Ap,TMY3,723125,34.5,-82.72,232
Beaufort Mcas,TMY3,722085,32.48,-80.72,10
CHARLESTON,TMY2-13880,722080,32.9,-80.03,12
Charleston,TMY--13880,722080,32.9,-80.03,15
Charleston Intl Arpt,TMY3,722080,32.9,-80.03,12
COLUMBIA,TMY2-13883,723100,33.95,-81.12,69
Columbia,TMY--13883,723100,33.95,-81.12,69
Columbia Metro Arpt,TMY3,723100,33.95,-81.12,65
Florence Regional Ap,TMY3,723106,34.18,-79.73,44
Myrtle Beach Afb,TMY3,747910,33.68,-78.93,8
Sumter Shaw Afb,TMY3,747900,33.97,-80.47,74
Aberdeen Regional Arpt,TMY3,726590,45.45,-98.42,398
Brookings  Awos,TMY3,726515,44.3,-96.82,502
Ellsworth Afb,TMY3,726625,44.15,-103.1,980
HURON,TMY2-14936,726540,44.38,-98.22,393
Huron,TMY--14936,726540,44.38,-98.22,393
Huron Regional Arpt,TMY3,726540,44.4,-98.22,390
Mitchell  Awos,TMY3,726545,43.77,-98.03,397
Mobridge,TMY3,726685,45.53,-100.43,508
PIERRE,TMY2-24025,726686,44.38,-100.28,526
Pierre,TMY--24025,726686,44.38,-100.28,531
Pierre Municipal Ap,TMY3,726686,44.38,-100.28,528
RAPID_CITY,TMY2-24090,726620,44.05,-103.07,966
Rapid City,TMY--24090,726620,44.05,-103.07,966
Rapid City Regional Arpt,TMY3,726620,44.05,-103.05,963
SIOUX_FALLS,TMY2-14944,726510,43.57,-96.73,435
Watertown Municipal Ap,TMY3,726546,44.93,-97.15,532
BRISTOL,TMY2-13877,723183,36.48,-82.4,459
CHATTANOOGA,TMY2-13882,723240,35.03,-85.2,210
Crossville Memorial Ap,TMY3,723265,35.95,-85.08,569
Dyersburg Municipal Ap,TMY3,723347,36.02,-89.4,103
KNOXVILLE,TMY2-13891,723260,35.82,-83.98,299
MEMPHIS,TMY2-13893,723340,35.05,-89.98,87
Memphis,TMY--13893,723340,35.05,-90,87
Memphis International Ap,TMY3,723340,35.07,-89.98,81
NASHVILLE,TMY2-13897,723270,36.12,-86.68,180
Nashville,TMY--13897,723270,36.13,-86.68,180
Nashville International Ap,TMY3,723270,36.12,-86.68,177
ABILENE,TMY2-13962,722660,32.43,-99.68,534
Abilene,TMY--13962,722660,32.42,-99.68,546
Abilene Regional Ap  Ut,TMY3,722660,32.47,-99.71,530
Alice Intl Ap,TMY3,722517,27.73,-98.03,53
AMARILLO,TMY2-23047,723630,35.23,-101.7,1098
Amarillo,TMY--23047,723630,35.23,-101.7,1099
Amarillo International Ap  Can,TMY3,723630,34.99,-101.9,1068
AUSTIN,TMY2-13958,722540,30.3,-97.7,189
BROWNSVILLE,TMY2-12919,722500,25.9,-97.43,6
Childress Municipal Ap,TMY3,723604,34.43,-100.28,595
CORPUS_CHRISTI,TMY2-12924,722510,27.77,-97.5,13
Corpus Christi,TMY--12924,722510,27.77,-97.5,13
Corpus Christi Intl Arpt  Ut,TMY3,722510,27.88,-97.63,6
Corpus Christi Nas,TMY3,722515,27.68,-97.28,6
Cotulla Faa Ap,TMY3,722526,28.45,-99.22,141
Cox Fld,TMY3,722587,33.63,-95.45,171
Dalhart Municipal Ap,TMY3,722636,36.02,-102.55,1216
Del Rio/Intl Ap,TMY--22010,722610,29.36,-100.78,327
Del Rio  Ut,TMY3,722610,29.38,-100.91,308
EL_PASO,TMY2-23044,722700,31.8,-106.4,1194
El Paso,TMY--23044,722700,31.8,-106.4,1194
El Paso International Ap  Ut,TMY3,722700,31.77,-106.5,1186
FORT_WORTH,TMY2-03927,722596,32.83,-97.05,164
Fort Worth Nas,TMY3,722595,32.77,-97.45,185
Galveston Scholes,TMY3,722420,29.3,-94.8,16
Georgetown  Awos,TMY3,722547,30.68,-97.68,240
Hondo Municipal Ap,TMY3,722533,29.37,-99.17,280
Killeen Muni  Awos,TMY3,722575,31.08,-97.68,258
Kingsville/NAS,TMY--12928,722516,27.5,-97.82,15
Kingsville,TMY3,722516,27.5,-97.82,17
Laredo AFB,TMY--12907,722520,27.53,-99.46,152
Laredo Intl Ap  Ut,TMY3,722520,27.57,-99.49,142
LUBBOCK,TMY2-23042,722670,33.65,-101.82,988
Lubbock/Int'l Arpt,TMY--23042,722670,33.65,-101.82,988
Lubbock International Ap,TMY3,722670,33.67,-101.82,992
LUFKIN,TMY2-93987,722446,31.23,-94.75,96
Marfa Ap,TMY3,722640,30.37,-104.02,1473
Mc Gregor  Awos,TMY3,722563,31.48,-97.32,180
Midland/Odessa,TMY--23023,722650,31.95,-102.18,872
Midland International Ap,TMY3,722650,31.95,-102.18,872
Nacogdoches  Awos,TMY3,722499,31.58,-94.72,108
Palacios Municipal Ap,TMY3,722555,28.72,-96.25,5
Randolph Afb,TMY3,722536,29.53,-98.28,232
SAN_ANGELO,TMY2-23034,722630,31.37,-100.5,582
SAN_ANTONIO,TMY2-12921,722536,29.53,-98.47,242
San Antonio/Randolph A,TMY--12921,722530,29.53,-98.28,232
San Antonio Intl Ap,TMY3,722530,29.53,-98.47,247
VICTORIA,TMY2-12912,722550,28.85,-96.92,32
Victoria Regional Ap,TMY3,722550,28.87,-96.93,35
WACO,TMY2-13959,722560,31.62,-97.22,155
Waco,TMY--13959,722560,31.62,-97.22,155
Waco Regional Ap,TMY3,722560,31.62,-97.23,152
WICHITA_FALLS,TMY2-13966,723510,33.97,-98.48,314
Wichita Falls/Sheppard,TMY--13966,723510,33.98,-98.5,314
Wichita Falls Municipal Arpt,TMY3,723510,33.98,-98.5,314
CEDAR_CITY,TMY2-93129,724755,37.7,-113.1,1712
Cedar City,TMY--93129,724755,37.7,-113.1,1714
Cedar City Municipal Ap,TMY3,724755,37.7,-113.1,1703
Provo Muni  Awos,TMY3,725724,40.22,-111.72,1369
Saint George  Awos,TMY3,724754,37.08,-113.6,896
SALT_LAKE_CITY,TMY2-24127,725720,40.77,-111.97,1288
Salt Lake City,TMY--24127,725720,40.78,-111.97,1288
Salt Lake City IntL Arpt  Isis,TMY3,725720,40.77,-111.97,1288
Vernal,TMY3,725705,40.43,-109.52,1608
Wendover Usaf Auxiliary Field,TMY3,725810,40.72,-114.03,1291
Danville Faa Ap,TMY3,724106,36.57,-79.33,176
Davison Aaf,TMY3,724037,38.72,-77.18,27
Farmville,TMY3,724017,37.35,-78.43,125
Langley Afb,TMY3,745980,37.08,-76.35,3
LYNCHBURG,TMY2-13733,724100,37.33,-79.2,279
Manassas Muni Awos,TMY3,724036,38.72,-77.52,59
Newport News,TMY3,723086,37.13,-76.5,13
NORFOLK,TMY2-13737,723080,36.9,-76.2,9
Norfolk,TMY--13737,723080,36.9,-76.2,9
Norfolk International Ap,TMY3,723080,36.9,-76.2,7
Norfolk Nas,TMY3,723085,36.95,-76.28,10
Oceana Nas,TMY3,723075,36.82,-76.03,8
Dinwiddie Co,TMY3,724014,37.18,-77.52,60
Quantico Mcas,TMY3,724035,38.5,-77.3,4
RICHMOND,TMY2-13740,724010,37.5,-77.33,50
Richmond,TMY--13740,724010,37.5,-77.33,54
Richmond International Ap,TMY3,724010,37.52,-77.32,50
ROANOKE,TMY2-13741,724110,37.32,-79.97,358
Winchester Rgnl,TMY3,724053,39.15,-78.15,222
BURLINGTON,TMY2-14742,726170,44.47,-73.15,104
Burlington,TMY--14742,726170,44.47,-73.15,104
Burlington International Ap,TMY3,726170,44.47,-73.15,101
Montpelier Ap,TMY3,726145,44.2,-72.57,343
Rutland State,TMY3,725165,43.52,-72.95,246
Bellingham Intl Ap,TMY3,727976,48.8,-122.53,45
Bremerton National,TMY3,727928,47.48,-122.75,137
Fairchild Afb,TMY3,727855,47.63,-117.65,743
Hanford,TMY3,727840,46.57,-119.6,223
Hoquiam Ap,TMY3,727923,46.98,-123.93,4
Kelso Wb Ap,TMY3,727924,46.13,-122.9,5
OLYMPIA,TMY2-24227,727920,46.97,-122.9,61
Olympia,TMY--24227,727920,46.97,-122.9,61
Olympia Airport,TMY3,727920,46.97,-122.9,63
QUILLAYUTE,TMY2-94240,727970,47.95,-124.55,55
Quillayute State Airport,TMY3,727970,47.93,-124.57,55
Snohomish Co,TMY3,727937,47.9,-122.28,189
SPOKANE,TMY2-24157,727855,47.63,-117.53,721
Spokane/Fairchild AFB,TMY--24157,727850,47.62,-117.65,750
Spokane International Ap  Chen,TMY3,727850,47.49,-117.59,777
Stampede Pass,TMY3,727815,47.28,-121.33,1206
Tacoma Narrows,TMY3,727938,47.27,-122.58,91
Whidbey Island NAS,TMY--24255,690230,48.35,-122.66,10
Whidbey Island Nas,TMY3,690230,48.35,-122.67,10
YAKIMA,TMY2-24243,727810,46.57,-120.53,325
EAU_CLAIRE,TMY2-14991,726435,44.87,-91.48,273
Eau Claire,TMY--14991,726435,44.87,-91.48,276
Eau Claire County Ap,TMY3,726435,44.87,-91.48,271
Antigo Lang Awos,TMY3,726626,45.15,-87.15,464
GREEN_BAY,TMY2-14898,726450,44.48,-88.13,214
LA_CROSSE,TMY2-14920,726430,43.87,-91.25,205
La Crosse,TMY--14920,726430,43.87,-91.25,202
La Crosse Municipal Arpt,TMY3,726430,43.87,-91.25,198
MADISON,TMY2-14837,726410,43.13,-89.33,262
Manitowac Muni Awos,TMY3,726455,44.13,-87.68,198
Marshfield Muni,TMY3,726574,44.63,-90.18,389
MILWAUKEE,TMY2-14839,726400,42.95,-87.9,211
Rice Lake Municipal,TMY3,726467,45.48,-91.72,347
Watertown,TMY3,726464,43.17,-88.72,254
Wausau Municipal Arpt,TMY3,726463,44.92,-89.63,366
Wittman Rgnl,TMY3,726456,43.98,-88.55,253
CHARLESTON,TMY2-13866,724140,38.37,-81.6,290
ELKINS,TMY2-13729,724170,38.88,-79.85,594
HUNTINGTON,TMY2-03860,724250,38.37,-82.55,255
CASPER,TMY2-24089,725690,42.92,-106.47,1612
CHEYENNE,TMY2-24018,725640,41.15,-104.82,1872
Cheyenne/Warren AFB,TMY--24018,725640,41.15,-104.82,1872
Cheyenne Municipal Arpt,TMY3,725640,41.15,-104.8,1867
Cody Muni  Awos,TMY3,726700,44.52,-109.02,1553
Jackson Hole,TMY3,725776,43.6,-110.73,2016
LANDER,TMY2-24021,725760,42.82,-108.73,1696
ROCK_SPRINGS,TMY2-24027,725744,41.6,-109.07,2056
SHERIDAN,TMY2-24029,726660,44.77,-106.97,1209
Sheridan,TMY--24029,726660,44.77,-106.97,1209
Sheridan County Arpt,TMY3,726660,44.77,-106.97,1208
Worland Municipal,TMY3,726665,43.97,-107.95,1294
TASHKENT,IWEC Data,384570,41.27,69.27,458
CARACAS,IWEC Data,804150,10.6,-66.98,48
HANOI,IWEC Data,488200,21.02,105.8,6
CAPE TOWN,IWEC Data,688160,-33.98,18.6,42
JOHANNESBURG,IWEC Data,683680,-26.13,28.23,1700
HARARE,IWEC Data,677750,-17.92,31.13,1503